10 Over/Under,Over 0.5,1217
10 Over/Under,Under 0.5,1218
1x2 - 15 minutes,Away,1596
1x2 - 15 minutes,Draw,1598
1x2 - 15 minutes,Home,1597
1x2 - 30 minutes,Away,1605
1x2 - 30 minutes,Draw,1607
1x2 - 30 minutes,Home,1606
1x2 - 60 minutes,Away,1601
1x2 - 60 minutes,Draw,1600
1x2 - 60 minutes,Home,1599
1x2 - 75 minutes,Away,1602
1x2 - 75 minutes,Draw,1604
1x2 - 75 minutes,Home,1603
Asian Handicap,Away +0,706
Asian Handicap,Away +0.25,708
Asian Handicap,Away +0.5,710
Asian Handicap,Away +0.75,712
Asian Handicap,Away +1,726
Asian Handicap,Away +1.25,730
Asian Handicap,Away +1.5,728
Asian Handicap,Away +1.75,736
Asian Handicap,Away +2,742
Asian Handicap,Away +2.25,746
Asian Handicap,Away +2.5,744
Asian Handicap,Away +2.75,748
Asian Handicap,Away +3,752
Asian Handicap,Away +3.25,754
Asian Handicap,Away +3.5,756
Asian Handicap,Away +3.75,760
Asian Handicap,Away +4,758
Asian Handicap,Away +4.25,782
Asian Handicap,Away +4.5,762
Asian Handicap,Away +4.75,784
Asian Handicap,Away +5,774
Asian Handicap,Away +5.25,800
Asian Handicap,Away +5.5,764
Asian Handicap,Away +5.75,1810
Asian Handicap,Away +6,1817
Asian Handicap,Away +6.25,1819
Asian Handicap,Away +6.5,780
Asian Handicap,Away +6.75,1814
Asian Handicap,Away +7,1823
Asian Handicap,Away +7.25,1821
Asian Handicap,Away +7.5,1809
Asian Handicap,Away +7.75,1812
Asian Handicap,Away +8,1811
Asian Handicap,Away +8.5,1820
Asian Handicap,Away +9,1806
Asian Handicap,Away +9.5,1807
Asian Handicap,Away -0.25,696
Asian Handicap,Away -0.5,698
Asian Handicap,Away -0.75,700
Asian Handicap,Away -1,702
Asian Handicap,Away -1.25,704
Asian Handicap,Away -1.5,714
Asian Handicap,Away -1.75,716
Asian Handicap,Away -2,718
Asian Handicap,Away -2.25,722
Asian Handicap,Away -2.5,720
Asian Handicap,Away -2.75,724
Asian Handicap,Away -3,732
Asian Handicap,Away -3.25,738
Asian Handicap,Away -3.5,734
Asian Handicap,Away -3.75,740
Asian Handicap,Away -4,750
Asian Handicap,Away -4.25,768
Asian Handicap,Away -4.5,766
Asian Handicap,Away -4.75,776
Asian Handicap,Away -5,770
Asian Handicap,Away -5.25,786
Asian Handicap,Away -5.5,772
Asian Handicap,Away -5.75,794
Asian Handicap,Away -6,788
Asian Handicap,Away -6.25,798
Asian Handicap,Away -6.5,778
Asian Handicap,Away -6.75,796
Asian Handicap,Away -7,792
Asian Handicap,Away -7.5,790
Asian Handicap,Home +0,705
Asian Handicap,Home +0.25,707
Asian Handicap,Home +0.5,709
Asian Handicap,Home +0.75,711
Asian Handicap,Home +1,725
Asian Handicap,Home +1.25,729
Asian Handicap,Home +1.5,727
Asian Handicap,Home +1.75,735
Asian Handicap,Home +2,741
Asian Handicap,Home +2.25,745
Asian Handicap,Home +2.5,743
Asian Handicap,Home +2.75,747
Asian Handicap,Home +3,751
Asian Handicap,Home +3.25,753
Asian Handicap,Home +3.5,755
Asian Handicap,Home +3.75,759
Asian Handicap,Home +4,757
Asian Handicap,Home +4.25,781
Asian Handicap,Home +4.5,761
Asian Handicap,Home +4.75,783
Asian Handicap,Home +5,773
Asian Handicap,Home +5.25,799
Asian Handicap,Home +5.5,763
Asian Handicap,Home +5.75,1824
Asian Handicap,Home +6,1825
Asian Handicap,Home +6.25,1818
Asian Handicap,Home +6.5,779
Asian Handicap,Home +6.75,1803
Asian Handicap,Home +7,1808
Asian Handicap,Home +7.25,1816
Asian Handicap,Home +7.5,1805
Asian Handicap,Home +7.75,1813
Asian Handicap,Home +8,1802
Asian Handicap,Home +8.5,1804
Asian Handicap,Home +9,1815
Asian Handicap,Home +9.5,1822
Asian Handicap,Home -0.25,695
Asian Handicap,Home -0.5,697
Asian Handicap,Home -0.75,699
Asian Handicap,Home -1,701
Asian Handicap,Home -1.25,703
Asian Handicap,Home -1.5,713
Asian Handicap,Home -1.75,715
Asian Handicap,Home -2,717
Asian Handicap,Home -2.25,721
Asian Handicap,Home -2.5,719
Asian Handicap,Home -2.75,723
Asian Handicap,Home -3,731
Asian Handicap,Home -3.25,737
Asian Handicap,Home -3.5,733
Asian Handicap,Home -3.75,739
Asian Handicap,Home -4,749
Asian Handicap,Home -4.25,767
Asian Handicap,Home -4.5,765
Asian Handicap,Home -4.75,775
Asian Handicap,Home -5,769
Asian Handicap,Home -5.25,785
Asian Handicap,Home -5.5,771
Asian Handicap,Home -5.75,793
Asian Handicap,Home -6,787
Asian Handicap,Home -6.25,797
Asian Handicap,Home -6.5,777
Asian Handicap,Home -6.75,795
Asian Handicap,Home -7,791
Asian Handicap,Home -7.5,789
Asian Handicap (2nd Half),Away +0,1369
Asian Handicap (2nd Half),Away +0.25,2139
Asian Handicap (2nd Half),Away +0.5,2138
Asian Handicap (2nd Half),Away +0.75,2131
Asian Handicap (2nd Half),Away +1,1371
Asian Handicap (2nd Half),Away +1.25,2143
Asian Handicap (2nd Half),Away +1.5,1381
Asian Handicap (2nd Half),Away +1.75,2146
Asian Handicap (2nd Half),Away +2,1370
Asian Handicap (2nd Half),Away +2.25,2147
Asian Handicap (2nd Half),Away +2.5,1375
Asian Handicap (2nd Half),Away +3,2144
Asian Handicap (2nd Half),Away -0.25,2129
Asian Handicap (2nd Half),Away -0.5,2153
Asian Handicap (2nd Half),Away -0.75,2127
Asian Handicap (2nd Half),Away -1,1386
Asian Handicap (2nd Half),Away -1.25,2150
Asian Handicap (2nd Half),Away -1.5,1385
Asian Handicap (2nd Half),Away -1.75,2136
Asian Handicap (2nd Half),Away -2,1372
Asian Handicap (2nd Half),Away -2.25,2133
Asian Handicap (2nd Half),Away -2.5,1379
Asian Handicap (2nd Half),Away -3,2142
Asian Handicap (2nd Half),Away -3.5,2128
Asian Handicap (2nd Half),Home +0,1373
Asian Handicap (2nd Half),Home +0.25,2145
Asian Handicap (2nd Half),Home +0.5,2125
Asian Handicap (2nd Half),Home +0.75,2126
Asian Handicap (2nd Half),Home +1,1382
Asian Handicap (2nd Half),Home +1.25,2135
Asian Handicap (2nd Half),Home +1.5,1376
Asian Handicap (2nd Half),Home +1.75,2124
Asian Handicap (2nd Half),Home +2,1374
Asian Handicap (2nd Half),Home +2.25,2137
Asian Handicap (2nd Half),Home +2.5,1378
Asian Handicap (2nd Half),Home +3,2134
Asian Handicap (2nd Half),Home -0.25,2141
Asian Handicap (2nd Half),Home -0.5,2130
Asian Handicap (2nd Half),Home -0.75,2152
Asian Handicap (2nd Half),Home -1,1380
Asian Handicap (2nd Half),Home -1.25,2148
Asian Handicap (2nd Half),Home -1.5,1384
Asian Handicap (2nd Half),Home -1.75,2151
Asian Handicap (2nd Half),Home -2,1377
Asian Handicap (2nd Half),Home -2.25,2149
Asian Handicap (2nd Half),Home -2.5,1383
Asian Handicap (2nd Half),Home -3,2140
Asian Handicap (2nd Half),Home -3.5,2132
Asian Handicap First Half,Away +0,859
Asian Handicap First Half,Away +0.25,861
Asian Handicap First Half,Away +0.5,863
Asian Handicap First Half,Away +0.75,867
Asian Handicap First Half,Away +1,875
Asian Handicap First Half,Away +1.25,885
Asian Handicap First Half,Away +1.5,877
Asian Handicap First Half,Away +1.75,891
Asian Handicap First Half,Away +2,887
Asian Handicap First Half,Away +2.25,895
Asian Handicap First Half,Away +2.5,889
Asian Handicap First Half,Away +2.75,901
Asian Handicap First Half,Away +3,1900
Asian Handicap First Half,Away +3.25,1903
Asian Handicap First Half,Away +3.5,1905
Asian Handicap First Half,Away +3.75,1901
Asian Handicap First Half,Away +4,1896
Asian Handicap First Half,Away +4.25,1897
Asian Handicap First Half,Away -0.25,855
Asian Handicap First Half,Away -0.5,857
Asian Handicap First Half,Away -0.75,865
Asian Handicap First Half,Away -1,869
Asian Handicap First Half,Away -1.25,873
Asian Handicap First Half,Away -1.5,871
Asian Handicap First Half,Away -1.75,883
Asian Handicap First Half,Away -2,879
Asian Handicap First Half,Away -2.25,893
Asian Handicap First Half,Away -2.5,881
Asian Handicap First Half,Away -2.75,897
Asian Handicap First Half,Away -3,899
Asian Handicap First Half,Away -3.25,903
Asian Handicap First Half,Away -3.5,905
Asian Handicap First Half,Home +0,858
Asian Handicap First Half,Home +0.25,860
Asian Handicap First Half,Home +0.5,862
Asian Handicap First Half,Home +0.75,866
Asian Handicap First Half,Home +1,874
Asian Handicap First Half,Home +1.25,884
Asian Handicap First Half,Home +1.5,876
Asian Handicap First Half,Home +1.75,890
Asian Handicap First Half,Home +2,886
Asian Handicap First Half,Home +2.25,894
Asian Handicap First Half,Home +2.5,888
Asian Handicap First Half,Home +2.75,900
Asian Handicap First Half,Home +3,1899
Asian Handicap First Half,Home +3.25,1902
Asian Handicap First Half,Home +3.5,1898
Asian Handicap First Half,Home +3.75,1906
Asian Handicap First Half,Home +4,1895
Asian Handicap First Half,Home +4.25,1904
Asian Handicap First Half,Home -0.25,854
Asian Handicap First Half,Home -0.5,856
Asian Handicap First Half,Home -0.75,864
Asian Handicap First Half,Home -1,868
Asian Handicap First Half,Home -1.25,872
Asian Handicap First Half,Home -1.5,870
Asian Handicap First Half,Home -1.75,882
Asian Handicap First Half,Home -2,878
Asian Handicap First Half,Home -2.25,892
Asian Handicap First Half,Home -2.5,880
Asian Handicap First Half,Home -2.75,896
Asian Handicap First Half,Home -3,898
Asian Handicap First Half,Home -3.25,902
Asian Handicap First Half,Home -3.5,904
Away Come From Behind and Win,No,1523
Away Come From Behind and Win,Yes,1522
Away Corners Over/Under,Over 0.5,2025
Away Corners Over/Under,Over 1.0,1146
Away Corners Over/Under,Over 1.5,1132
Away Corners Over/Under,Over 10.0,2029
Away Corners Over/Under,Over 10.5,2026
Away Corners Over/Under,Over 2.0,1144
Away Corners Over/Under,Over 2.5,1128
Away Corners Over/Under,Over 3.0,1138
Away Corners Over/Under,Over 3.5,1122
Away Corners Over/Under,Over 4.0,1140
Away Corners Over/Under,Over 4.5,1124
Away Corners Over/Under,Over 5.0,1136
Away Corners Over/Under,Over 5.5,1126
Away Corners Over/Under,Over 6.0,1143
Away Corners Over/Under,Over 6.5,1130
Away Corners Over/Under,Over 7.0,1149
Away Corners Over/Under,Over 7.5,1134
Away Corners Over/Under,Over 8.0,1153
Away Corners Over/Under,Over 8.5,1150
Away Corners Over/Under,Over 9.0,2024
Away Corners Over/Under,Over 9.5,2020
Away Corners Over/Under,Under 0.5,2021
Away Corners Over/Under,Under 1.0,1147
Away Corners Over/Under,Under 1.5,1133
Away Corners Over/Under,Under 10.0,2028
Away Corners Over/Under,Under 10.5,2023
Away Corners Over/Under,Under 2.0,1145
Away Corners Over/Under,Under 2.5,1129
Away Corners Over/Under,Under 3.0,1139
Away Corners Over/Under,Under 3.5,1123
Away Corners Over/Under,Under 4.0,1141
Away Corners Over/Under,Under 4.5,1125
Away Corners Over/Under,Under 5.0,1137
Away Corners Over/Under,Under 5.5,1127
Away Corners Over/Under,Under 6.0,1142
Away Corners Over/Under,Under 6.5,1131
Away Corners Over/Under,Under 7.0,1148
Away Corners Over/Under,Under 7.5,1135
Away Corners Over/Under,Under 8.0,1152
Away Corners Over/Under,Under 8.5,1151
Away Corners Over/Under,Under 9.0,2027
Away Corners Over/Under,Under 9.5,2022
Away Odd/Even,Even,807
Away Odd/Even,Odd,806
Away Team Exact Goals Number,0,835
Away Team Exact Goals Number,1,834
Away Team Exact Goals Number,2,832
Away Team Exact Goals Number,3,833
Away Team Exact Goals Number,4,838
Away Team Exact Goals Number,5,1930
Away Team Exact Goals Number,6,1931
Away Team Exact Goals Number,7,1928
Away Team Exact Goals Number,8,1929
Away Team Exact Goals Number,9,840
Away Team Exact Goals Number,more 3,837
Away Team Exact Goals Number,more 4,836
Away Team Exact Goals Number,more 5,839
Away Team Score a Goal,No,600
Away Team Score a Goal,Yes,599
Away Team Score a Goal (1st Half),No,1436
Away Team Score a Goal (1st Half),Yes,1435
Away Team Score a Goal (2nd Half),No,1437
Away Team Score a Goal (2nd Half),Yes,1438
Away Team Total Cards,Over 0.5,1299
Away Team Total Cards,Over 1.5,1297
Away Team Total Cards,Over 2,2114
Away Team Total Cards,Over 2.5,1293
Away Team Total Cards,Over 3,2111
Away Team Total Cards,Over 3.5,1295
Away Team Total Cards,Over 4.5,2113
Away Team Total Cards,Over 5.5,2112
Away Team Total Cards,Under 0.5,1300
Away Team Total Cards,Under 1.5,1298
Away Team Total Cards,Under 2,2118
Away Team Total Cards,Under 2.5,1294
Away Team Total Cards,Under 3,2115
Away Team Total Cards,Under 3.5,1296
Away Team Total Cards,Under 4.5,2116
Away Team Total Cards,Under 5.5,2117
Away Team Total Goals(1st Half),Over 0.5,1398
Away Team Total Goals(1st Half),Over 1,1402
Away Team Total Goals(1st Half),Over 1.5,1395
Away Team Total Goals(1st Half),Over 2,1397
Away Team Total Goals(1st Half),Over 2.5,2163
Away Team Total Goals(1st Half),Over 3.5,2165
Away Team Total Goals(1st Half),Over 4.5,2164
Away Team Total Goals(1st Half),Under 0.5,1396
Away Team Total Goals(1st Half),Under 1,1400
Away Team Total Goals(1st Half),Under 1.5,1399
Away Team Total Goals(1st Half),Under 2,1401
Away Team Total Goals(1st Half),Under 2.5,2162
Away Team Total Goals(1st Half),Under 3.5,2161
Away Team Total Goals(2nd Half),Over 0.5,1420
Away Team Total Goals(2nd Half),Over 1,1419
Away Team Total Goals(2nd Half),Over 1.5,1414
Away Team Total Goals(2nd Half),Over 2,1417
Away Team Total Goals(2nd Half),Over 2.5,2172
Away Team Total Goals(2nd Half),Over 3.5,2173
Away Team Total Goals(2nd Half),Over 4.5,2174
Away Team Total Goals(2nd Half),Under 0.5,1418
Away Team Total Goals(2nd Half),Under 1,1416
Away Team Total Goals(2nd Half),Under 1.5,1415
Away Team Total Goals(2nd Half),Under 2,1413
Away Team Total Goals(2nd Half),Under 2.5,2171
Away team will score in both halves,No,1427
Away team will score in both halves,Yes,1428
Away team will win either half,No,1449
Away team will win either half,Yes,1450
Away Team Yellow Cards,Over,1634
Away Team Yellow Cards,Under,1635
Away Total Corners (1st Half),Over 0.5,2265
Away Total Corners (1st Half),Over 1,1571
Away Total Corners (1st Half),Over 1.5,1578
Away Total Corners (1st Half),Over 2,1576
Away Total Corners (1st Half),Over 2.5,1577
Away Total Corners (1st Half),Over 3,1579
Away Total Corners (1st Half),Over 3.5,1575
Away Total Corners (1st Half),Over 4,1568
Away Total Corners (1st Half),Over 4.5,1574
Away Total Corners (1st Half),Over 5,2263
Away Total Corners (1st Half),Over 5.5,2267
Away Total Corners (1st Half),Under 0.5,2266
Away Total Corners (1st Half),Under 1,1566
Away Total Corners (1st Half),Under 1.5,1567
Away Total Corners (1st Half),Under 2,1572
Away Total Corners (1st Half),Under 2.5,1570
Away Total Corners (1st Half),Under 3,1565
Away Total Corners (1st Half),Under 3.5,1564
Away Total Corners (1st Half),Under 4,1569
Away Total Corners (1st Half),Under 4.5,1573
Away Total Corners (1st Half),Under 5,2262
Away Total Corners (1st Half),Under 5.5,2264
Away Total Corners (2nd Half),Over 1,1586
Away Total Corners (2nd Half),Over 1.5,1585
Away Total Corners (2nd Half),Over 2,1589
Away Total Corners (2nd Half),Over 2.5,1590
Away Total Corners (2nd Half),Over 3,1595
Away Total Corners (2nd Half),Over 3.5,1594
Away Total Corners (2nd Half),Over 4,1591
Away Total Corners (2nd Half),Over 4.5,1588
Away Total Corners (2nd Half),Over 5,2270
Away Total Corners (2nd Half),Over 5.5,2271
Away Total Corners (2nd Half),Under 1,1593
Away Total Corners (2nd Half),Under 1.5,1592
Away Total Corners (2nd Half),Under 2,1580
Away Total Corners (2nd Half),Under 2.5,1583
Away Total Corners (2nd Half),Under 3,1584
Away Total Corners (2nd Half),Under 3.5,1587
Away Total Corners (2nd Half),Under 4,1582
Away Total Corners (2nd Half),Under 4.5,1581
Away Total Corners (2nd Half),Under 5,2268
Away Total Corners (2nd Half),Under 5.5,2269
Away Total ShotOnGoal,Over 1.5,1353
Away Total ShotOnGoal,Over 2.5,1357
Away Total ShotOnGoal,Over 3.5,1355
Away Total ShotOnGoal,Over 4.5,1359
Away Total ShotOnGoal,Over 5.5,1351
Away Total ShotOnGoal,Over 6.5,1361
Away Total ShotOnGoal,Over 7.5,1363
Away Total ShotOnGoal,Under 1.5,1354
Away Total ShotOnGoal,Under 2.5,1358
Away Total ShotOnGoal,Under 3.5,1356
Away Total ShotOnGoal,Under 4.5,1360
Away Total ShotOnGoal,Under 5.5,1352
Away Total ShotOnGoal,Under 6.5,1362
Away Total ShotOnGoal,Under 7.5,1364
Away win both halves,No,811
Away win both halves,Yes,810
Away Win/Over,No,1443
Away Win/Over,Yes,1444
Away Win/Under,No,1445
Away Win/Under,Yes,1446
Both Teams Score,No,169
Both Teams Score,Yes,168
Both Teams Score - First Half,No,531
Both Teams Score - First Half,Yes,530
Both Teams To Score - Second Half,No,533
Both Teams To Score - Second Half,Yes,532
Both Teams to Score 1st Half - 2nd Half,No/No,1216
Both Teams to Score 1st Half - 2nd Half,No/Yes,1215
Both Teams to Score 1st Half - 2nd Half,Yes/No,1214
Both Teams to Score 1st Half - 2nd Half,Yes/Yes,1213
Both Teams To Score in Both Halves,No,1429
Both Teams To Score in Both Halves,Yes,1430
Cards Asian Handicap,Away +0,1278
Cards Asian Handicap,Away +0.25,2101
Cards Asian Handicap,Away +0.5,1276
Cards Asian Handicap,Away +1,1274
Cards Asian Handicap,Away +1.5,1284
Cards Asian Handicap,Away +2,2098
Cards Asian Handicap,Away -0.25,2097
Cards Asian Handicap,Away -0.5,1280
Cards Asian Handicap,Away -1,1282
Cards Asian Handicap,Away -1.5,2103
Cards Asian Handicap,Away -2,2095
Cards Asian Handicap,Home +0,1277
Cards Asian Handicap,Home +0.25,2096
Cards Asian Handicap,Home +0.5,1275
Cards Asian Handicap,Home +1,1273
Cards Asian Handicap,Home +1.5,1283
Cards Asian Handicap,Home +2,2100
Cards Asian Handicap,Home -0.25,2102
Cards Asian Handicap,Home -0.5,1279
Cards Asian Handicap,Home -1,1281
Cards Asian Handicap,Home -1.5,2104
Cards Asian Handicap,Home -2,2099
Cards European Handicap,Away +0,1230
Cards European Handicap,Away +1,1236
Cards European Handicap,Away +2,1240
Cards European Handicap,Away +3,1243
Cards European Handicap,Away +4,1252
Cards European Handicap,Away -1,1233
Cards European Handicap,Away -2,1246
Cards European Handicap,Away -3,1249
Cards European Handicap,Away -4,2083
Cards European Handicap,Draw +0,1231
Cards European Handicap,Draw +1,1237
Cards European Handicap,Draw +2,1239
Cards European Handicap,Draw +3,1242
Cards European Handicap,Draw +4,1251
Cards European Handicap,Draw -1,1234
Cards European Handicap,Draw -2,1245
Cards European Handicap,Draw -3,1248
Cards European Handicap,Draw -4,2084
Cards European Handicap,Home +0,1229
Cards European Handicap,Home +1,1235
Cards European Handicap,Home +2,1238
Cards European Handicap,Home +3,1241
Cards European Handicap,Home +4,1250
Cards European Handicap,Home -1,1232
Cards European Handicap,Home -2,1244
Cards European Handicap,Home -3,1247
Cards European Handicap,Home -4,2082
Cards Over/Under,Over 1.5,1271
Cards Over/Under,Over 2.0,1269
Cards Over/Under,Over 2.5,1263
Cards Over/Under,Over 3.0,1265
Cards Over/Under,Over 3.5,1253
Cards Over/Under,Over 4.0,1267
Cards Over/Under,Over 4.25,2094
Cards Over/Under,Over 4.5,1255
Cards Over/Under,Over 5.0,2089
Cards Over/Under,Over 5.5,1257
Cards Over/Under,Over 6.0,2088
Cards Over/Under,Over 6.5,1259
Cards Over/Under,Over 7.0,2090
Cards Over/Under,Over 7.5,1261
Cards Over/Under,Over 8.5,2085
Cards Over/Under,Under 1.5,1272
Cards Over/Under,Under 2.0,1270
Cards Over/Under,Under 2.5,1264
Cards Over/Under,Under 3.0,1266
Cards Over/Under,Under 3.5,1254
Cards Over/Under,Under 4.0,1268
Cards Over/Under,Under 4.25,2092
Cards Over/Under,Under 4.5,1256
Cards Over/Under,Under 5.0,2091
Cards Over/Under,Under 5.5,1258
Cards Over/Under,Under 6.0,2086
Cards Over/Under,Under 6.5,1260
Cards Over/Under,Under 7.0,2087
Cards Over/Under,Under 7.5,1262
Cards Over/Under,Under 8.5,2093
Clean Sheet,Away,2474
Clean Sheet,Home,2473
Clean Sheet - Away,No,167
Clean Sheet - Away,Yes,166
Clean Sheet - Home,No,165
Clean Sheet - Home,Yes,164
Corners 1x2,Away,910
Corners 1x2,Draw,909
Corners 1x2,Home,908
Corners 1x2 (1st Half),Away,1526
Corners 1x2 (1st Half),Draw,1525
Corners 1x2 (1st Half),Home,1524
Corners 1x2 (2nd Half),Away,1527
Corners 1x2 (2nd Half),Draw,1528
Corners 1x2 (2nd Half),Home,1529
Corners Asian Handicap,Away +0,1037
Corners Asian Handicap,Away +0.25,2008
Corners Asian Handicap,Away +0.5,1041
Corners Asian Handicap,Away +0.75,1999
Corners Asian Handicap,Away +1,1047
Corners Asian Handicap,Away +1.5,1049
Corners Asian Handicap,Away +2,1055
Corners Asian Handicap,Away +2.25,1993
Corners Asian Handicap,Away +2.5,1057
Corners Asian Handicap,Away +3,1059
Corners Asian Handicap,Away +3.25,2004
Corners Asian Handicap,Away +3.5,1065
Corners Asian Handicap,Away +4,1067
Corners Asian Handicap,Away +4.5,1073
Corners Asian Handicap,Away +5,1075
Corners Asian Handicap,Away +5.5,1081
Corners Asian Handicap,Away +6,1085
Corners Asian Handicap,Away +6.5,1083
Corners Asian Handicap,Away +7,1087
Corners Asian Handicap,Away +7.5,1992
Corners Asian Handicap,Away +8.5,1984
Corners Asian Handicap,Away -0.25,2003
Corners Asian Handicap,Away -0.5,1039
Corners Asian Handicap,Away -0.75,2006
Corners Asian Handicap,Away -1,1035
Corners Asian Handicap,Away -1.25,1994
Corners Asian Handicap,Away -1.5,1029
Corners Asian Handicap,Away -2,1031
Corners Asian Handicap,Away -2.25,2005
Corners Asian Handicap,Away -2.5,1043
Corners Asian Handicap,Away -2.75,1998
Corners Asian Handicap,Away -3,1033
Corners Asian Handicap,Away -3.5,1045
Corners Asian Handicap,Away -4,1053
Corners Asian Handicap,Away -4.5,1051
Corners Asian Handicap,Away -5,1063
Corners Asian Handicap,Away -5.25,1988
Corners Asian Handicap,Away -5.5,1069
Corners Asian Handicap,Away -6,1061
Corners Asian Handicap,Away -6.5,1071
Corners Asian Handicap,Away -7,1079
Corners Asian Handicap,Away -7.5,1077
Corners Asian Handicap,Away -8,1990
Corners Asian Handicap,Away -8.5,1996
Corners Asian Handicap,Away -9.5,2001
Corners Asian Handicap,Home +0,1036
Corners Asian Handicap,Home +0.25,1985
Corners Asian Handicap,Home +0.5,1040
Corners Asian Handicap,Home +0.75,1987
Corners Asian Handicap,Home +1,1046
Corners Asian Handicap,Home +1.5,1048
Corners Asian Handicap,Home +2,1054
Corners Asian Handicap,Home +2.25,2007
Corners Asian Handicap,Home +2.5,1056
Corners Asian Handicap,Home +3,1058
Corners Asian Handicap,Home +3.25,1989
Corners Asian Handicap,Home +3.5,1064
Corners Asian Handicap,Home +4,1066
Corners Asian Handicap,Home +4.5,1072
Corners Asian Handicap,Home +5,1074
Corners Asian Handicap,Home +5.5,1080
Corners Asian Handicap,Home +6,1084
Corners Asian Handicap,Home +6.5,1082
Corners Asian Handicap,Home +7,1086
Corners Asian Handicap,Home +7.5,2013
Corners Asian Handicap,Home +8.5,2012
Corners Asian Handicap,Home -0.25,1986
Corners Asian Handicap,Home -0.5,1038
Corners Asian Handicap,Home -0.75,2011
Corners Asian Handicap,Home -1,1034
Corners Asian Handicap,Home -1.25,1991
Corners Asian Handicap,Home -1.5,1028
Corners Asian Handicap,Home -2,1030
Corners Asian Handicap,Home -2.25,2002
Corners Asian Handicap,Home -2.5,1042
Corners Asian Handicap,Home -2.75,2000
Corners Asian Handicap,Home -3,1032
Corners Asian Handicap,Home -3.5,1044
Corners Asian Handicap,Home -4,1052
Corners Asian Handicap,Home -4.5,1050
Corners Asian Handicap,Home -5,1062
Corners Asian Handicap,Home -5.25,2009
Corners Asian Handicap,Home -5.5,1068
Corners Asian Handicap,Home -6,1060
Corners Asian Handicap,Home -6.5,1070
Corners Asian Handicap,Home -7,1078
Corners Asian Handicap,Home -7.5,1076
Corners Asian Handicap,Home -8,2010
Corners Asian Handicap,Home -8.5,1995
Corners Asian Handicap,Home -9.5,1997
Corners Asian Handicap (1st Half),Away +0,1460
Corners Asian Handicap (1st Half),Away +0.25,2194
Corners Asian Handicap (1st Half),Away +0.5,2177
Corners Asian Handicap (1st Half),Away +0.75,2185
Corners Asian Handicap (1st Half),Away +1,1464
Corners Asian Handicap (1st Half),Away +1.5,1469
Corners Asian Handicap (1st Half),Away +2,1455
Corners Asian Handicap (1st Half),Away +2.5,1454
Corners Asian Handicap (1st Half),Away +3,1478
Corners Asian Handicap (1st Half),Away +3.5,1477
Corners Asian Handicap (1st Half),Away +4,2193
Corners Asian Handicap (1st Half),Away +4.5,2179
Corners Asian Handicap (1st Half),Away -0.25,2189
Corners Asian Handicap (1st Half),Away -0.5,2181
Corners Asian Handicap (1st Half),Away -0.75,2184
Corners Asian Handicap (1st Half),Away -1,1456
Corners Asian Handicap (1st Half),Away -1.25,2182
Corners Asian Handicap (1st Half),Away -1.5,1472
Corners Asian Handicap (1st Half),Away -2,1457
Corners Asian Handicap (1st Half),Away -2.5,1465
Corners Asian Handicap (1st Half),Away -3,1476
Corners Asian Handicap (1st Half),Away -3.5,1466
Corners Asian Handicap (1st Half),Away -4,2191
Corners Asian Handicap (1st Half),Home +0,1474
Corners Asian Handicap (1st Half),Home +0.25,2176
Corners Asian Handicap (1st Half),Home +0.5,2190
Corners Asian Handicap (1st Half),Home +0.75,2188
Corners Asian Handicap (1st Half),Home +1,1475
Corners Asian Handicap (1st Half),Home +1.5,1468
Corners Asian Handicap (1st Half),Home +2,1470
Corners Asian Handicap (1st Half),Home +2.5,1467
Corners Asian Handicap (1st Half),Home +3,1471
Corners Asian Handicap (1st Half),Home +3.5,1453
Corners Asian Handicap (1st Half),Home +4,2180
Corners Asian Handicap (1st Half),Home +4.5,2187
Corners Asian Handicap (1st Half),Home -0.25,2178
Corners Asian Handicap (1st Half),Home -0.5,2186
Corners Asian Handicap (1st Half),Home -0.75,2192
Corners Asian Handicap (1st Half),Home -1,1473
Corners Asian Handicap (1st Half),Home -1.25,2183
Corners Asian Handicap (1st Half),Home -1.5,1461
Corners Asian Handicap (1st Half),Home -2,1463
Corners Asian Handicap (1st Half),Home -2.5,1458
Corners Asian Handicap (1st Half),Home -3,1462
Corners Asian Handicap (1st Half),Home -3.5,1459
Corners Asian Handicap (1st Half),Home -4,2175
Corners Asian Handicap (2nd Half),Away +0,1492
Corners Asian Handicap (2nd Half),Away +0.25,2202
Corners Asian Handicap (2nd Half),Away +0.5,2201
Corners Asian Handicap (2nd Half),Away +0.75,2203
Corners Asian Handicap (2nd Half),Away +1,1484
Corners Asian Handicap (2nd Half),Away +1.25,2195
Corners Asian Handicap (2nd Half),Away +1.5,1486
Corners Asian Handicap (2nd Half),Away +2,1483
Corners Asian Handicap (2nd Half),Away +2.5,1489
Corners Asian Handicap (2nd Half),Away +3,1485
Corners Asian Handicap (2nd Half),Away +3.5,2197
Corners Asian Handicap (2nd Half),Away +4,2204
Corners Asian Handicap (2nd Half),Away +4.5,2207
Corners Asian Handicap (2nd Half),Away -0.25,2205
Corners Asian Handicap (2nd Half),Away -0.5,2211
Corners Asian Handicap (2nd Half),Away -0.75,2199
Corners Asian Handicap (2nd Half),Away -1,1490
Corners Asian Handicap (2nd Half),Away -1.5,1482
Corners Asian Handicap (2nd Half),Away -2,1480
Corners Asian Handicap (2nd Half),Away -2.5,1481
Corners Asian Handicap (2nd Half),Away -2.75,2214
Corners Asian Handicap (2nd Half),Away -3,1487
Corners Asian Handicap (2nd Half),Home +0,1494
Corners Asian Handicap (2nd Half),Home +0.25,2198
Corners Asian Handicap (2nd Half),Home +0.5,2212
Corners Asian Handicap (2nd Half),Home +0.75,2213
Corners Asian Handicap (2nd Half),Home +1,1500
Corners Asian Handicap (2nd Half),Home +1.25,2208
Corners Asian Handicap (2nd Half),Home +1.5,1496
Corners Asian Handicap (2nd Half),Home +2,1488
Corners Asian Handicap (2nd Half),Home +2.5,1499
Corners Asian Handicap (2nd Half),Home +3,1497
Corners Asian Handicap (2nd Half),Home +3.5,2200
Corners Asian Handicap (2nd Half),Home +4,2209
Corners Asian Handicap (2nd Half),Home +4.5,2206
Corners Asian Handicap (2nd Half),Home -0.25,2196
Corners Asian Handicap (2nd Half),Home -0.5,2215
Corners Asian Handicap (2nd Half),Home -0.75,2210
Corners Asian Handicap (2nd Half),Home -1,1495
Corners Asian Handicap (2nd Half),Home -1.5,1493
Corners Asian Handicap (2nd Half),Home -2,1498
Corners Asian Handicap (2nd Half),Home -2.5,1491
Corners Asian Handicap (2nd Half),Home -2.75,2216
Corners Asian Handicap (2nd Half),Home -3,1479
Corners Over Under,Over 0,693
Corners Over Under,Over 10,615
Corners Over Under,Over 10.25,631
Corners Over Under,Over 10.5,603
Corners Over Under,Over 10.75,629
Corners Over Under,Over 11,617
Corners Over Under,Over 11.25,637
Corners Over Under,Over 11.5,605
Corners Over Under,Over 11.75,644
Corners Over Under,Over 12,642
Corners Over Under,Over 12.25,646
Corners Over Under,Over 12.5,609
Corners Over Under,Over 12.75,663
Corners Over Under,Over 13,652
Corners Over Under,Over 13.25,673
Corners Over Under,Over 13.5,623
Corners Over Under,Over 13.75,1940
Corners Over Under,Over 14,685
Corners Over Under,Over 14.25,1947
Corners Over Under,Over 14.5,627
Corners Over Under,Over 14.75,1946
Corners Over Under,Over 15,1945
Corners Over Under,Over 15.25,1955
Corners Over Under,Over 15.5,625
Corners Over Under,Over 15.75,1954
Corners Over Under,Over 16,1932
Corners Over Under,Over 16.25,1938
Corners Over Under,Over 16.5,661
Corners Over Under,Over 17.5,667
Corners Over Under,Over 18.5,665
Corners Over Under,Over 19.5,1939
Corners Over Under,Over 2.5,677
Corners Over Under,Over 3.25,679
Corners Over Under,Over 3.5,675
Corners Over Under,Over 3.75,683
Corners Over Under,Over 4,1943
Corners Over Under,Over 4.25,681
Corners Over Under,Over 4.5,656
Corners Over Under,Over 4.75,1951
Corners Over Under,Over 5,669
Corners Over Under,Over 5.25,1948
Corners Over Under,Over 5.5,619
Corners Over Under,Over 5.75,687
Corners Over Under,Over 6,671
Corners Over Under,Over 6.25,689
Corners Over Under,Over 6.5,621
Corners Over Under,Over 6.75,691
Corners Over Under,Over 7,657
Corners Over Under,Over 7.25,659
Corners Over Under,Over 7.5,611
Corners Over Under,Over 7.75,654
Corners Over Under,Over 8,648
Corners Over Under,Over 8.25,650
Corners Over Under,Over 8.5,607
Corners Over Under,Over 8.75,640
Corners Over Under,Over 9,613
Corners Over Under,Over 9.25,633
Corners Over Under,Over 9.5,601
Corners Over Under,Over 9.75,635
Corners Over Under,Under 0,694
Corners Over Under,Under 10,616
Corners Over Under,Under 10.25,632
Corners Over Under,Under 10.5,604
Corners Over Under,Under 10.75,630
Corners Over Under,Under 11,618
Corners Over Under,Under 11.25,638
Corners Over Under,Under 11.5,606
Corners Over Under,Under 11.75,645
Corners Over Under,Under 12,643
Corners Over Under,Under 12.25,647
Corners Over Under,Under 12.5,610
Corners Over Under,Under 12.75,664
Corners Over Under,Under 13,653
Corners Over Under,Under 13.25,674
Corners Over Under,Under 13.5,624
Corners Over Under,Under 13.75,1952
Corners Over Under,Under 14,686
Corners Over Under,Under 14.25,1950
Corners Over Under,Under 14.5,628
Corners Over Under,Under 14.75,1941
Corners Over Under,Under 15,1944
Corners Over Under,Under 15.25,1937
Corners Over Under,Under 15.5,626
Corners Over Under,Under 15.75,1935
Corners Over Under,Under 16,1936
Corners Over Under,Under 16.25,1934
Corners Over Under,Under 16.5,662
Corners Over Under,Under 17.5,668
Corners Over Under,Under 18.5,666
Corners Over Under,Under 19.5,1942
Corners Over Under,Under 2.5,678
Corners Over Under,Under 3.25,680
Corners Over Under,Under 3.5,676
Corners Over Under,Under 3.75,684
Corners Over Under,Under 4,1949
Corners Over Under,Under 4.25,682
Corners Over Under,Under 4.5,639
Corners Over Under,Under 4.75,1953
Corners Over Under,Under 5,670
Corners Over Under,Under 5.25,1933
Corners Over Under,Under 5.5,620
Corners Over Under,Under 5.75,688
Corners Over Under,Under 6,672
Corners Over Under,Under 6.25,690
Corners Over Under,Under 6.5,622
Corners Over Under,Under 6.75,692
Corners Over Under,Under 7,658
Corners Over Under,Under 7.25,660
Corners Over Under,Under 7.5,612
Corners Over Under,Under 7.75,655
Corners Over Under,Under 8,649
Corners Over Under,Under 8.25,651
Corners Over Under,Under 8.5,608
Corners Over Under,Under 8.75,641
Corners Over Under,Under 9,614
Corners Over Under,Under 9.25,634
Corners Over Under,Under 9.5,602
Corners Over Under,Under 9.75,636
Correct Score - First Half,0:0,351
Correct Score - First Half,0:1,355
Correct Score - First Half,0:10,1916
Correct Score - First Half,0:2,356
Correct Score - First Half,0:3,357
Correct Score - First Half,0:4,358
Correct Score - First Half,0:5,371
Correct Score - First Half,0:6,378
Correct Score - First Half,0:7,381
Correct Score - First Half,0:8,1920
Correct Score - First Half,0:9,1917
Correct Score - First Half,1:0,342
Correct Score - First Half,1:1,352
Correct Score - First Half,1:2,359
Correct Score - First Half,1:3,360
Correct Score - First Half,1:4,361
Correct Score - First Half,1:5,372
Correct Score - First Half,1:6,383
Correct Score - First Half,1:7,1918
Correct Score - First Half,1:8,1921
Correct Score - First Half,2:0,343
Correct Score - First Half,2:1,344
Correct Score - First Half,2:2,353
Correct Score - First Half,2:3,362
Correct Score - First Half,2:4,363
Correct Score - First Half,2:5,373
Correct Score - First Half,2:6,1919
Correct Score - First Half,3:0,345
Correct Score - First Half,3:1,346
Correct Score - First Half,3:2,347
Correct Score - First Half,3:3,354
Correct Score - First Half,3:4,374
Correct Score - First Half,3:5,375
Correct Score - First Half,4:0,348
Correct Score - First Half,4:1,349
Correct Score - First Half,4:2,350
Correct Score - First Half,4:3,364
Correct Score - First Half,4:4,370
Correct Score - First Half,4:5,376
Correct Score - First Half,5:0,365
Correct Score - First Half,5:1,366
Correct Score - First Half,5:2,367
Correct Score - First Half,5:3,368
Correct Score - First Half,5:4,369
Correct Score - First Half,5:5,377
Correct Score - First Half,6:0,379
Correct Score - First Half,6:1,380
Correct Score - First Half,7:0,382
Correct Score - First Half,8:0,384
Correct Score - Second Half,0:0,395
Correct Score - Second Half,0:1,399
Correct Score - Second Half,0:2,400
Correct Score - Second Half,0:3,401
Correct Score - Second Half,0:4,402
Correct Score - Second Half,0:5,410
Correct Score - Second Half,0:6,421
Correct Score - Second Half,0:7,426
Correct Score - Second Half,1:0,385
Correct Score - Second Half,1:1,396
Correct Score - Second Half,1:2,403
Correct Score - Second Half,1:3,404
Correct Score - Second Half,1:4,405
Correct Score - Second Half,1:5,416
Correct Score - Second Half,1:6,422
Correct Score - Second Half,2:0,386
Correct Score - Second Half,2:1,387
Correct Score - Second Half,2:2,397
Correct Score - Second Half,2:3,406
Correct Score - Second Half,2:4,407
Correct Score - Second Half,2:5,417
Correct Score - Second Half,3:0,388
Correct Score - Second Half,3:1,389
Correct Score - Second Half,3:2,390
Correct Score - Second Half,3:3,398
Correct Score - Second Half,3:4,408
Correct Score - Second Half,3:5,418
Correct Score - Second Half,4:0,391
Correct Score - Second Half,4:1,392
Correct Score - Second Half,4:2,393
Correct Score - Second Half,4:3,394
Correct Score - Second Half,4:4,415
Correct Score - Second Half,4:5,419
Correct Score - Second Half,5:0,409
Correct Score - Second Half,5:1,411
Correct Score - Second Half,5:2,412
Correct Score - Second Half,5:3,413
Correct Score - Second Half,5:4,414
Correct Score - Second Half,5:5,420
Correct Score - Second Half,6:0,423
Correct Score - Second Half,6:1,424
Correct Score - Second Half,6:2,2031
Correct Score - Second Half,7:0,425
Correct Score - Second Half,7:1,427
Correct Score - Second Half,8:0,2030
DC - 15 minutes,Draw/Away,1611
DC - 15 minutes,Home/Away,1613
DC - 15 minutes,Home/Draw,1612
DC - 30 minutes,Draw/Away,1610
DC - 30 minutes,Home/Away,1609
DC - 30 minutes,Home/Draw,1608
DC - 60 minutes,Draw/Away,1616
DC - 60 minutes,Home/Away,1614
DC - 60 minutes,Home/Draw,1615
DC - 75 minutes,Draw/Away,1619
DC - 75 minutes,Home/Away,1617
DC - 75 minutes,Home/Draw,1618
Double Chance,Away/Draw,1873
Double Chance,Away/Home,1875
Double Chance,Draw/Away,430
Double Chance,Draw/Home,1874
Double Chance,Home/Away,429
Double Chance,Home/Draw,428
Double Chance - First Half,Away/Draw,1909
Double Chance - First Half,Away/Home,1907
Double Chance - First Half,Draw/Away,526
Double Chance - First Half,Draw/Home,1908
Double Chance - First Half,Home/Away,525
Double Chance - First Half,Home/Draw,524
Double Chance - Second Half,Away/Draw,1922
Double Chance - Second Half,Away/Home,1924
Double Chance - Second Half,Draw/Away,529
Double Chance - Second Half,Draw/Home,1923
Double Chance - Second Half,Home/Away,528
Double Chance - Second Half,Home/Draw,527
Double Chance/Total,12/o,2455
Double Chance/Total,12/u,2454
Double Chance/Total,1X/o,2457
Double Chance/Total,1X/u,2458
Double Chance/Total,X2/o,2456
Double Chance/Total,X2/u,2459
Draw No Bet (1st Half),Away,1421
Draw No Bet (1st Half),Home,1422
Draw No Bet (2nd Half),Away,2452
Draw No Bet (2nd Half),Home,2453
European Handicap (2nd Half),Away +1,2442
European Handicap (2nd Half),Away +2,2449
European Handicap (2nd Half),Away +3,2441
European Handicap (2nd Half),Away -1,2439
European Handicap (2nd Half),Away -2,2445
European Handicap (2nd Half),Away -3,2436
European Handicap (2nd Half),Draw +1,2451
European Handicap (2nd Half),Draw +2,2438
European Handicap (2nd Half),Draw +3,2437
European Handicap (2nd Half),Draw -1,2443
European Handicap (2nd Half),Draw -2,2435
European Handicap (2nd Half),Draw -3,2447
European Handicap (2nd Half),Home +1,2440
European Handicap (2nd Half),Home +2,2450
European Handicap (2nd Half),Home +3,2448
European Handicap (2nd Half),Home -1,2444
European Handicap (2nd Half),Home -2,2446
European Handicap (2nd Half),Home -3,2434
Exact Goals Number,0,815
Exact Goals Number,1,814
Exact Goals Number,2,812
Exact Goals Number,3,813
Exact Goals Number,4,817
Exact Goals Number,5,818
Exact Goals Number,6,820
Exact Goals Number,more 4,816
Exact Goals Number,more 6,819
Exact Goals Number,more 7,821
Exact Goals Number - First Half,0,843
Exact Goals Number - First Half,1,842
Exact Goals Number - First Half,2,841
Exact Goals Number - First Half,3,845
Exact Goals Number - First Half,4,847
Exact Goals Number - First Half,5,849
Exact Goals Number - First Half,more 3,844
Exact Goals Number - First Half,more 4,846
Exact Goals Number - First Half,more 5,848
Exact Goals Number - First Half,more 6,850
Exact Score,0:0,223
Exact Score,0:1,228
Exact Score,0:10,322
Exact Score,0:11,334
Exact Score,0:12,1855
Exact Score,0:13,1872
Exact Score,0:14,1850
Exact Score,0:2,229
Exact Score,0:3,230
Exact Score,0:4,231
Exact Score,0:5,241
Exact Score,0:6,242
Exact Score,0:7,251
Exact Score,0:8,258
Exact Score,0:9,259
Exact Score,1:0,213
Exact Score,1:1,224
Exact Score,1:10,332
Exact Score,1:11,1856
Exact Score,1:12,1852
Exact Score,1:13,1870
Exact Score,1:2,232
Exact Score,1:3,233
Exact Score,1:4,234
Exact Score,1:5,243
Exact Score,1:6,248
Exact Score,1:7,252
Exact Score,1:8,277
Exact Score,1:9,323
Exact Score,10:0,257
Exact Score,10:1,276
Exact Score,10:10,312
Exact Score,10:11,1854
Exact Score,10:2,269
Exact Score,10:3,270
Exact Score,10:4,313
Exact Score,10:5,288
Exact Score,10:6,289
Exact Score,10:7,290
Exact Score,10:8,291
Exact Score,10:9,292
Exact Score,11:0,335
Exact Score,11:1,338
Exact Score,11:10,1849
Exact Score,11:11,1863
Exact Score,11:2,1869
Exact Score,11:3,1848
Exact Score,11:4,1864
Exact Score,11:5,1867
Exact Score,11:6,1862
Exact Score,11:7,1858
Exact Score,11:8,1865
Exact Score,11:9,1857
Exact Score,12:0,336
Exact Score,13:0,337
Exact Score,2:0,214
Exact Score,2:1,215
Exact Score,2:10,264
Exact Score,2:11,1861
Exact Score,2:2,225
Exact Score,2:3,235
Exact Score,2:4,236
Exact Score,2:5,249
Exact Score,2:6,250
Exact Score,2:7,278
Exact Score,2:8,324
Exact Score,2:9,333
Exact Score,3:0,216
Exact Score,3:1,217
Exact Score,3:10,329
Exact Score,3:11,1853
Exact Score,3:2,218
Exact Score,3:3,226
Exact Score,3:4,237
Exact Score,3:5,261
Exact Score,3:6,268
Exact Score,3:7,330
Exact Score,3:8,280
Exact Score,3:9,265
Exact Score,4:0,219
Exact Score,4:1,220
Exact Score,4:10,306
Exact Score,4:11,1859
Exact Score,4:2,221
Exact Score,4:3,222
Exact Score,4:4,227
Exact Score,4:5,266
Exact Score,4:6,267
Exact Score,4:7,328
Exact Score,4:8,297
Exact Score,4:9,298
Exact Score,5:0,238
Exact Score,5:1,239
Exact Score,5:10,307
Exact Score,5:11,1851
Exact Score,5:2,244
Exact Score,5:3,245
Exact Score,5:4,260
Exact Score,5:5,279
Exact Score,5:6,315
Exact Score,5:7,326
Exact Score,5:8,299
Exact Score,5:9,300
Exact Score,6:0,240
Exact Score,6:1,246
Exact Score,6:10,308
Exact Score,6:11,1868
Exact Score,6:2,247
Exact Score,6:3,262
Exact Score,6:4,316
Exact Score,6:5,314
Exact Score,6:6,293
Exact Score,6:7,327
Exact Score,6:8,301
Exact Score,6:9,302
Exact Score,7:0,253
Exact Score,7:1,254
Exact Score,7:10,309
Exact Score,7:11,1860
Exact Score,7:2,263
Exact Score,7:3,272
Exact Score,7:4,318
Exact Score,7:5,321
Exact Score,7:6,325
Exact Score,7:7,294
Exact Score,7:8,303
Exact Score,7:9,304
Exact Score,8:0,255
Exact Score,8:1,271
Exact Score,8:10,310
Exact Score,8:11,1866
Exact Score,8:2,273
Exact Score,8:3,317
Exact Score,8:4,319
Exact Score,8:5,281
Exact Score,8:6,282
Exact Score,8:7,283
Exact Score,8:8,295
Exact Score,8:9,305
Exact Score,9:0,256
Exact Score,9:1,274
Exact Score,9:10,311
Exact Score,9:11,1871
Exact Score,9:2,275
Exact Score,9:3,320
Exact Score,9:4,331
Exact Score,9:5,284
Exact Score,9:6,285
Exact Score,9:7,286
Exact Score,9:8,287
Exact Score,9:9,296
First 10 min Winner,Away,922
First 10 min Winner,Draw,921
First 10 min Winner,Home,920
First Corner,Away,1222
First Corner,Home,1221
First Half Winner,Away,433
First Half Winner,Draw,432
First Half Winner,Home,431
First Team to Score,Away,2431
First Team to Score,Home,2430
First Team to Score (3 way) 1st Half,Away,2464
First Team to Score (3 way) 1st Half,Draw,2463
First Team to Score (3 way) 1st Half,Home,2462
Fouls. 1x2,Away,1799
Fouls. 1x2,Draw,1800
Fouls. 1x2,Home,1801
Fouls. Away Total,Over,1780
Fouls. Away Total,Under,1781
Fouls. Double Chance,Draw/Away,1786
Fouls. Double Chance,Home/Away,1784
Fouls. Double Chance,Home/Draw,1785
Fouls. Handicap,Away +0,1793
Fouls. Handicap,Away +1,2404
Fouls. Handicap,Away +1.5,1789
Fouls. Handicap,Away +2,2396
Fouls. Handicap,Away +2.5,1797
Fouls. Handicap,Away +3,2415
Fouls. Handicap,Away +3.5,2420
Fouls. Handicap,Away +4,2399
Fouls. Handicap,Away +4.5,2419
Fouls. Handicap,Away +5.5,2412
Fouls. Handicap,Away +6.5,2394
Fouls. Handicap,Away +7.5,2407
Fouls. Handicap,Away +8.5,2402
Fouls. Handicap,Away -1,2400
Fouls. Handicap,Away -1.5,1791
Fouls. Handicap,Away -2,2403
Fouls. Handicap,Away -2.5,1790
Fouls. Handicap,Away -3,2414
Fouls. Handicap,Away -3.5,2418
Fouls. Handicap,Away -4,2427
Fouls. Handicap,Away -4.5,2398
Fouls. Handicap,Away -5,2405
Fouls. Handicap,Away -5.5,2408
Fouls. Handicap,Away -6,2409
Fouls. Handicap,Away -6.5,2390
Fouls. Handicap,Away -7.5,2392
Fouls. Handicap,Away -8.5,2388
Fouls. Handicap,Home +0,1792
Fouls. Handicap,Home +1,2428
Fouls. Handicap,Home +1.5,1798
Fouls. Handicap,Home +2,2410
Fouls. Handicap,Home +2.5,1796
Fouls. Handicap,Home +3,2397
Fouls. Handicap,Home +3.5,2401
Fouls. Handicap,Home +4,2423
Fouls. Handicap,Home +4.5,2389
Fouls. Handicap,Home +5.5,2395
Fouls. Handicap,Home +6.5,2406
Fouls. Handicap,Home +7.5,2424
Fouls. Handicap,Home +8.5,2387
Fouls. Handicap,Home -1,2421
Fouls. Handicap,Home -1.5,1794
Fouls. Handicap,Home -2,2386
Fouls. Handicap,Home -2.5,1795
Fouls. Handicap,Home -3,2426
Fouls. Handicap,Home -3.5,2391
Fouls. Handicap,Home -4,2425
Fouls. Handicap,Home -4.5,2416
Fouls. Handicap,Home -5,2393
Fouls. Handicap,Home -5.5,2422
Fouls. Handicap,Home -6,2417
Fouls. Handicap,Home -6.5,2411
Fouls. Handicap,Home -7.5,2413
Fouls. Handicap,Home -8.5,2429
Fouls. Home Total,Over,1782
Fouls. Home Total,Under,1783
Fouls. Total,Over,1787
Fouls. Total,Under,1788
Goal in 1-15 minutes,No,1620
Goal in 1-15 minutes,Yes,1621
Goal in 16-30 minutes,No,1622
Goal in 16-30 minutes,Yes,1623
Goal in 31-45 minutes,No,1624
Goal in 31-45 minutes,Yes,1625
Goal in 46-60 minutes,No,1627
Goal in 46-60 minutes,Yes,1626
Goal in 61-75 minutes,No,1628
Goal in 61-75 minutes,Yes,1629
Goal in 76-90 minutes,No,1630
Goal in 76-90 minutes,Yes,1631
Goal Line,Over 0.5,984
Goal Line,Over 0.75,986
Goal Line,Over 1,980
Goal Line,Over 1.25,964
Goal Line,Over 1.5,946
Goal Line,Over 1.75,968
Goal Line,Over 2,952
Goal Line,Over 2.25,958
Goal Line,Over 2.5,950
Goal Line,Over 2.75,962
Goal Line,Over 3,954
Goal Line,Over 3.25,960
Goal Line,Over 3.5,944
Goal Line,Over 3.75,970
Goal Line,Over 4,956
Goal Line,Over 4.25,966
Goal Line,Over 4.5,948
Goal Line,Over 4.75,972
Goal Line,Over 5,974
Goal Line,Over 5.25,976
Goal Line,Over 5.5,978
Goal Line,Over 5.75,982
Goal Line,Over 6,988
Goal Line,Over 6.25,990
Goal Line,Over 6.5,992
Goal Line,Over 6.75,994
Goal Line,Over 7,1960
Goal Line,Over 7.25,1962
Goal Line,Over 7.5,1963
Goal Line,Over 7.75,1964
Goal Line,Over 8,1956
Goal Line,Under 0.5,985
Goal Line,Under 0.75,987
Goal Line,Under 1,981
Goal Line,Under 1.25,965
Goal Line,Under 1.5,947
Goal Line,Under 1.75,969
Goal Line,Under 2,953
Goal Line,Under 2.25,959
Goal Line,Under 2.5,951
Goal Line,Under 2.75,963
Goal Line,Under 3,955
Goal Line,Under 3.25,961
Goal Line,Under 3.5,945
Goal Line,Under 3.75,971
Goal Line,Under 4,957
Goal Line,Under 4.25,967
Goal Line,Under 4.5,949
Goal Line,Under 4.75,973
Goal Line,Under 5,975
Goal Line,Under 5.25,977
Goal Line,Under 5.5,979
Goal Line,Under 5.75,983
Goal Line,Under 6,989
Goal Line,Under 6.25,991
Goal Line,Under 6.5,993
Goal Line,Under 6.75,995
Goal Line,Under 7,1958
Goal Line,Under 7.25,1957
Goal Line,Under 7.5,1959
Goal Line,Under 7.75,1965
Goal Line,Under 8,1961
Goal Line (1st Half),Over 0.5,1000
Goal Line (1st Half),Over 0.75,1012
Goal Line (1st Half),Over 1,1010
Goal Line (1st Half),Over 1.25,1006
Goal Line (1st Half),Over 1.5,996
Goal Line (1st Half),Over 1.75,1008
Goal Line (1st Half),Over 2,1002
Goal Line (1st Half),Over 2.25,1004
Goal Line (1st Half),Over 2.5,998
Goal Line (1st Half),Over 2.75,1014
Goal Line (1st Half),Over 3,1016
Goal Line (1st Half),Over 3.25,1020
Goal Line (1st Half),Over 3.5,1018
Goal Line (1st Half),Over 3.75,2036
Goal Line (1st Half),Over 4,2038
Goal Line (1st Half),Over 4.25,2032
Goal Line (1st Half),Over 4.5,2035
Goal Line (1st Half),Under 0.5,1001
Goal Line (1st Half),Under 0.75,1013
Goal Line (1st Half),Under 1,1011
Goal Line (1st Half),Under 1.25,1007
Goal Line (1st Half),Under 1.5,997
Goal Line (1st Half),Under 1.75,1009
Goal Line (1st Half),Under 2,1003
Goal Line (1st Half),Under 2.25,1005
Goal Line (1st Half),Under 2.5,999
Goal Line (1st Half),Under 2.75,1015
Goal Line (1st Half),Under 3,1017
Goal Line (1st Half),Under 3.25,1021
Goal Line (1st Half),Under 3.5,1019
Goal Line (1st Half),Under 3.75,2039
Goal Line (1st Half),Under 4,2034
Goal Line (1st Half),Under 4.25,2037
Goal Line (1st Half),Under 4.5,2033
Goals Over/Under,Over 0.25,61
Goals Over/Under,Over 0.5,17
Goals Over/Under,Over 0.75,47
Goals Over/Under,Over 1.0,49
Goals Over/Under,Over 1.25,31
Goals Over/Under,Over 1.5,11
Goals Over/Under,Over 1.75,35
Goals Over/Under,Over 10.5,67
Goals Over/Under,Over 11.5,81
Goals Over/Under,Over 12.5,83
Goals Over/Under,Over 13.5,1829
Goals Over/Under,Over 2.0,43
Goals Over/Under,Over 2.25,27
Goals Over/Under,Over 2.5,15
Goals Over/Under,Over 2.75,23
Goals Over/Under,Over 3.0,25
Goals Over/Under,Over 3.25,29
Goals Over/Under,Over 3.5,9
Goals Over/Under,Over 3.75,37
Goals Over/Under,Over 4.0,45
Goals Over/Under,Over 4.25,33
Goals Over/Under,Over 4.5,13
Goals Over/Under,Over 4.75,39
Goals Over/Under,Over 5.0,51
Goals Over/Under,Over 5.25,53
Goals Over/Under,Over 5.5,19
Goals Over/Under,Over 5.75,56
Goals Over/Under,Over 57.5,1827
Goals Over/Under,Over 6.0,59
Goals Over/Under,Over 6.25,65
Goals Over/Under,Over 6.5,21
Goals Over/Under,Over 6.75,71
Goals Over/Under,Over 60.5,1830
Goals Over/Under,Over 7.0,70
Goals Over/Under,Over 7.25,73
Goals Over/Under,Over 7.5,41
Goals Over/Under,Over 7.75,77
Goals Over/Under,Over 8.0,76
Goals Over/Under,Over 8.25,79
Goals Over/Under,Over 8.5,55
Goals Over/Under,Over 9.0,86
Goals Over/Under,Over 9.5,63
Goals Over/Under,Under 0.25,62
Goals Over/Under,Under 0.5,18
Goals Over/Under,Under 0.75,48
Goals Over/Under,Under 1.0,50
Goals Over/Under,Under 1.25,32
Goals Over/Under,Under 1.5,12
Goals Over/Under,Under 1.75,36
Goals Over/Under,Under 10.5,68
Goals Over/Under,Under 11.5,82
Goals Over/Under,Under 12.5,84
Goals Over/Under,Under 13.5,1828
Goals Over/Under,Under 2.0,44
Goals Over/Under,Under 2.25,28
Goals Over/Under,Under 2.5,16
Goals Over/Under,Under 2.75,24
Goals Over/Under,Under 3.0,26
Goals Over/Under,Under 3.25,30
Goals Over/Under,Under 3.5,10
Goals Over/Under,Under 3.75,38
Goals Over/Under,Under 4.0,46
Goals Over/Under,Under 4.25,34
Goals Over/Under,Under 4.5,14
Goals Over/Under,Under 4.75,40
Goals Over/Under,Under 5.0,52
Goals Over/Under,Under 5.25,54
Goals Over/Under,Under 5.5,20
Goals Over/Under,Under 5.75,57
Goals Over/Under,Under 57.5,1826
Goals Over/Under,Under 6.0,58
Goals Over/Under,Under 6.25,66
Goals Over/Under,Under 6.5,22
Goals Over/Under,Under 6.75,72
Goals Over/Under,Under 60.5,1831
Goals Over/Under,Under 7.0,69
Goals Over/Under,Under 7.25,74
Goals Over/Under,Under 7.5,42
Goals Over/Under,Under 7.75,78
Goals Over/Under,Under 8.0,75
Goals Over/Under,Under 8.25,80
Goals Over/Under,Under 8.5,60
Goals Over/Under,Under 9.0,85
Goals Over/Under,Under 9.5,64
Goals Over/Under - Second Half,Over 0.5,125
Goals Over/Under - Second Half,Over 0.75,139
Goals Over/Under - Second Half,Over 1.0,131
Goals Over/Under - Second Half,Over 1.25,135
Goals Over/Under - Second Half,Over 1.5,121
Goals Over/Under - Second Half,Over 1.75,137
Goals Over/Under - Second Half,Over 2.0,129
Goals Over/Under - Second Half,Over 2.25,133
Goals Over/Under - Second Half,Over 2.5,123
Goals Over/Under - Second Half,Over 2.75,143
Goals Over/Under - Second Half,Over 3.0,141
Goals Over/Under - Second Half,Over 3.25,147
Goals Over/Under - Second Half,Over 3.5,119
Goals Over/Under - Second Half,Over 3.75,151
Goals Over/Under - Second Half,Over 4.0,153
Goals Over/Under - Second Half,Over 4.25,149
Goals Over/Under - Second Half,Over 4.5,127
Goals Over/Under - Second Half,Over 5.5,145
Goals Over/Under - Second Half,Over 6.5,1915
Goals Over/Under - Second Half,Over 7.5,1913
Goals Over/Under - Second Half,Under 0.5,126
Goals Over/Under - Second Half,Under 0.75,140
Goals Over/Under - Second Half,Under 1.0,132
Goals Over/Under - Second Half,Under 1.25,136
Goals Over/Under - Second Half,Under 1.5,122
Goals Over/Under - Second Half,Under 1.75,138
Goals Over/Under - Second Half,Under 2.0,130
Goals Over/Under - Second Half,Under 2.25,134
Goals Over/Under - Second Half,Under 2.5,124
Goals Over/Under - Second Half,Under 2.75,144
Goals Over/Under - Second Half,Under 3.0,142
Goals Over/Under - Second Half,Under 3.25,148
Goals Over/Under - Second Half,Under 3.5,120
Goals Over/Under - Second Half,Under 3.75,152
Goals Over/Under - Second Half,Under 4.0,154
Goals Over/Under - Second Half,Under 4.25,150
Goals Over/Under - Second Half,Under 4.5,128
Goals Over/Under - Second Half,Under 5.5,146
Goals Over/Under - Second Half,Under 6.5,1914
Goals Over/Under - Second Half,Under 7.5,1912
Goals Over/Under First Half,Over 0.5,94
Goals Over/Under First Half,Over 0.75,104
Goals Over/Under First Half,Over 1.0,98
Goals Over/Under First Half,Over 1.25,96
Goals Over/Under First Half,Over 1.5,89
Goals Over/Under First Half,Over 1.75,102
Goals Over/Under First Half,Over 2.0,106
Goals Over/Under First Half,Over 2.25,100
Goals Over/Under First Half,Over 2.5,92
Goals Over/Under First Half,Over 2.75,108
Goals Over/Under First Half,Over 28.5,1833
Goals Over/Under First Half,Over 29.5,1840
Goals Over/Under First Half,Over 3.0,111
Goals Over/Under First Half,Over 3.25,113
Goals Over/Under First Half,Over 3.5,87
Goals Over/Under First Half,Over 3.75,1836
Goals Over/Under First Half,Over 4.0,117
Goals Over/Under First Half,Over 4.25,1832
Goals Over/Under First Half,Over 4.5,91
Goals Over/Under First Half,Over 5.5,115
Goals Over/Under First Half,Over 6.5,1841
Goals Over/Under First Half,Under 0.5,95
Goals Over/Under First Half,Under 0.75,105
Goals Over/Under First Half,Under 1.0,99
Goals Over/Under First Half,Under 1.25,97
Goals Over/Under First Half,Under 1.5,90
Goals Over/Under First Half,Under 1.75,103
Goals Over/Under First Half,Under 2.0,107
Goals Over/Under First Half,Under 2.25,101
Goals Over/Under First Half,Under 2.5,93
Goals Over/Under First Half,Under 2.75,109
Goals Over/Under First Half,Under 28.5,1837
Goals Over/Under First Half,Under 29.5,1834
Goals Over/Under First Half,Under 3.0,112
Goals Over/Under First Half,Under 3.25,114
Goals Over/Under First Half,Under 3.5,88
Goals Over/Under First Half,Under 3.75,1835
Goals Over/Under First Half,Under 4.0,118
Goals Over/Under First Half,Under 4.25,1838
Goals Over/Under First Half,Under 4.5,110
Goals Over/Under First Half,Under 5.5,116
Goals Over/Under First Half,Under 6.5,1839
Halftime Result/Both Teams Score,Away/No,1027
Halftime Result/Both Teams Score,Away/Yes,1024
Halftime Result/Both Teams Score,Draw/No,1026
Halftime Result/Both Teams Score,Draw/Yes,1023
Halftime Result/Both Teams Score,Home/No,1025
Halftime Result/Both Teams Score,Home/Yes,1022
Halftime Result/Total Goals,Away/Over 1.5,1977
Halftime Result/Total Goals,Away/Over 2.5,1975
Halftime Result/Total Goals,Away/Over 3.5,1969
Halftime Result/Total Goals,Away/Under 1.5,1968
Halftime Result/Total Goals,Away/Under 2.5,1967
Halftime Result/Total Goals,Away/Under 3.5,1971
Halftime Result/Total Goals,Draw/Over 1.5,1976
Halftime Result/Total Goals,Draw/Over 2.5,1972
Halftime Result/Total Goals,Draw/Over 3.5,1981
Halftime Result/Total Goals,Draw/Under 1.5,1980
Halftime Result/Total Goals,Draw/Under 2.5,1973
Halftime Result/Total Goals,Draw/Under 3.5,1978
Halftime Result/Total Goals,Home/Over 1.5,1974
Halftime Result/Total Goals,Home/Over 2.5,1970
Halftime Result/Total Goals,Home/Over 3.5,1966
Halftime Result/Total Goals,Home/Under 1.5,1982
Halftime Result/Total Goals,Home/Under 2.5,1979
Halftime Result/Total Goals,Home/Under 3.5,1983
Handicap Result,Away +1,181
Handicap Result,Away +2,185
Handicap Result,Away +3,191
Handicap Result,Away +4,196
Handicap Result,Away +5,205
Handicap Result,Away +6,211
Handicap Result,Away +7,1843
Handicap Result,Away +8,1847
Handicap Result,Away -1,175
Handicap Result,Away -2,179
Handicap Result,Away -3,188
Handicap Result,Away -4,193
Handicap Result,Away -5,198
Handicap Result,Away -6,202
Handicap Result,Away -7,208
Handicap Result,Draw +1,182
Handicap Result,Draw +2,184
Handicap Result,Draw +3,190
Handicap Result,Draw +4,195
Handicap Result,Draw +5,206
Handicap Result,Draw +6,212
Handicap Result,Draw +7,1842
Handicap Result,Draw +8,1845
Handicap Result,Draw -1,176
Handicap Result,Draw -2,178
Handicap Result,Draw -3,187
Handicap Result,Draw -4,194
Handicap Result,Draw -5,199
Handicap Result,Draw -6,203
Handicap Result,Draw -7,209
Handicap Result,Home +1,180
Handicap Result,Home +2,183
Handicap Result,Home +3,189
Handicap Result,Home +4,200
Handicap Result,Home +5,204
Handicap Result,Home +6,210
Handicap Result,Home +7,1846
Handicap Result,Home +8,1844
Handicap Result,Home -1,174
Handicap Result,Home -2,177
Handicap Result,Home -3,186
Handicap Result,Home -4,192
Handicap Result,Home -5,197
Handicap Result,Home -6,201
Handicap Result,Home -7,207
Handicap Result - First Half,Away +1,501
Handicap Result - First Half,Away +2,505
Handicap Result - First Half,Away +3,513
Handicap Result - First Half,Away +4,520
Handicap Result - First Half,Away +5,1894
Handicap Result - First Half,Away -1,498
Handicap Result - First Half,Away -2,508
Handicap Result - First Half,Away -3,511
Handicap Result - First Half,Away -4,516
Handicap Result - First Half,Away -5,522
Handicap Result - First Half,Draw +1,502
Handicap Result - First Half,Draw +2,504
Handicap Result - First Half,Draw +3,512
Handicap Result - First Half,Draw +4,519
Handicap Result - First Half,Draw +5,1893
Handicap Result - First Half,Draw -1,499
Handicap Result - First Half,Draw -2,507
Handicap Result - First Half,Draw -3,510
Handicap Result - First Half,Draw -4,517
Handicap Result - First Half,Draw -5,523
Handicap Result - First Half,Home +1,500
Handicap Result - First Half,Home +2,503
Handicap Result - First Half,Home +3,514
Handicap Result - First Half,Home +4,518
Handicap Result - First Half,Home +5,1892
Handicap Result - First Half,Home -1,497
Handicap Result - First Half,Home -2,506
Handicap Result - First Half,Home -3,509
Handicap Result - First Half,Home -4,515
Handicap Result - First Half,Home -5,521
Highest Scoring Half,1st Half,340
Highest Scoring Half,2nd Half,341
Highest Scoring Half,Draw,339
Home Come From Behind and Win,No,1452
Home Come From Behind and Win,Yes,1451
Home Corners Over/Under,Over 0.5,2014
Home Corners Over/Under,Over 1.5,1118
Home Corners Over/Under,Over 10.5,2018
Home Corners Over/Under,Over 11.5,2017
Home Corners Over/Under,Over 2.0,1120
Home Corners Over/Under,Over 2.5,1100
Home Corners Over/Under,Over 3.0,1110
Home Corners Over/Under,Over 3.5,1094
Home Corners Over/Under,Over 4.0,1102
Home Corners Over/Under,Over 4.5,1092
Home Corners Over/Under,Over 5.0,1104
Home Corners Over/Under,Over 5.5,1088
Home Corners Over/Under,Over 6.0,1107
Home Corners Over/Under,Over 6.5,1090
Home Corners Over/Under,Over 7.0,1109
Home Corners Over/Under,Over 7.5,1096
Home Corners Over/Under,Over 8.0,1113
Home Corners Over/Under,Over 8.5,1098
Home Corners Over/Under,Over 9.0,1117
Home Corners Over/Under,Over 9.5,1114
Home Corners Over/Under,Under 0.5,2019
Home Corners Over/Under,Under 1.5,1119
Home Corners Over/Under,Under 10.5,2016
Home Corners Over/Under,Under 11.5,2015
Home Corners Over/Under,Under 2.0,1121
Home Corners Over/Under,Under 2.5,1101
Home Corners Over/Under,Under 3.0,1111
Home Corners Over/Under,Under 3.5,1095
Home Corners Over/Under,Under 4.0,1103
Home Corners Over/Under,Under 4.5,1093
Home Corners Over/Under,Under 5.0,1105
Home Corners Over/Under,Under 5.5,1089
Home Corners Over/Under,Under 6.0,1106
Home Corners Over/Under,Under 6.5,1091
Home Corners Over/Under,Under 7.0,1108
Home Corners Over/Under,Under 7.5,1097
Home Corners Over/Under,Under 8.0,1112
Home Corners Over/Under,Under 8.5,1099
Home Corners Over/Under,Under 9.0,1116
Home Corners Over/Under,Under 9.5,1115
Home Odd/Even,Even,805
Home Odd/Even,Odd,804
Home Team Exact Goals Number,0,825
Home Team Exact Goals Number,1,824
Home Team Exact Goals Number,2,822
Home Team Exact Goals Number,3,823
Home Team Exact Goals Number,4,828
Home Team Exact Goals Number,5,831
Home Team Exact Goals Number,6,1927
Home Team Exact Goals Number,7,1926
Home Team Exact Goals Number,8,1925
Home Team Exact Goals Number,9,830
Home Team Exact Goals Number,more 3,827
Home Team Exact Goals Number,more 4,826
Home Team Exact Goals Number,more 5,829
Home Team Score a Goal,No,598
Home Team Score a Goal,Yes,597
Home Team Score a Goal (1st Half),No,1431
Home Team Score a Goal (1st Half),Yes,1432
Home Team Score a Goal (2nd Half),No,1433
Home Team Score a Goal (2nd Half),Yes,1434
Home Team Total Cards,Over 0.5,1291
Home Team Total Cards,Over 1.5,1285
Home Team Total Cards,Over 2,2106
Home Team Total Cards,Over 2.5,1287
Home Team Total Cards,Over 3.5,1289
Home Team Total Cards,Over 4.5,2110
Home Team Total Cards,Over 5.5,2105
Home Team Total Cards,Under 0.5,1292
Home Team Total Cards,Under 1.5,1286
Home Team Total Cards,Under 2,2108
Home Team Total Cards,Under 2.5,1288
Home Team Total Cards,Under 3.5,1290
Home Team Total Cards,Under 4.5,2107
Home Team Total Cards,Under 5.5,2109
Home Team Total Goals(1st Half),Over 0.5,1394
Home Team Total Goals(1st Half),Over 1,1392
Home Team Total Goals(1st Half),Over 1.5,1391
Home Team Total Goals(1st Half),Over 2,1388
Home Team Total Goals(1st Half),Over 2.5,2157
Home Team Total Goals(1st Half),Over 3,2155
Home Team Total Goals(1st Half),Over 3.5,2154
Home Team Total Goals(1st Half),Over 4.5,2160
Home Team Total Goals(1st Half),Under 0.5,1387
Home Team Total Goals(1st Half),Under 1,1390
Home Team Total Goals(1st Half),Under 1.5,1389
Home Team Total Goals(1st Half),Under 2,1393
Home Team Total Goals(1st Half),Under 2.5,2158
Home Team Total Goals(1st Half),Under 3,2159
Home Team Total Goals(1st Half),Under 3.5,2156
Home Team Total Goals(2nd Half),Over 0.5,1412
Home Team Total Goals(2nd Half),Over 1,1409
Home Team Total Goals(2nd Half),Over 1.5,1406
Home Team Total Goals(2nd Half),Over 2,1403
Home Team Total Goals(2nd Half),Over 2.5,1408
Home Team Total Goals(2nd Half),Over 3,2166
Home Team Total Goals(2nd Half),Over 3.5,2168
Home Team Total Goals(2nd Half),Over 4.5,2170
Home Team Total Goals(2nd Half),Under 0.5,1405
Home Team Total Goals(2nd Half),Under 1,1411
Home Team Total Goals(2nd Half),Under 1.5,1407
Home Team Total Goals(2nd Half),Under 2,1410
Home Team Total Goals(2nd Half),Under 2.5,1404
Home Team Total Goals(2nd Half),Under 3,2169
Home Team Total Goals(2nd Half),Under 3.5,2167
Home team will score in both halves,No,1425
Home team will score in both halves,Yes,1426
Home team will win either half,No,1447
Home team will win either half,Yes,1448
Home Team Yellow Cards,Over,1632
Home Team Yellow Cards,Under,1633
Home Total Corners (1st Half),Over 0.5,2258
Home Total Corners (1st Half),Over 1,1535
Home Total Corners (1st Half),Over 1.5,1538
Home Total Corners (1st Half),Over 2,1545
Home Total Corners (1st Half),Over 2.5,1537
Home Total Corners (1st Half),Over 3,1542
Home Total Corners (1st Half),Over 3.5,1547
Home Total Corners (1st Half),Over 4,1544
Home Total Corners (1st Half),Over 4.5,1534
Home Total Corners (1st Half),Over 5,1539
Home Total Corners (1st Half),Under 0.5,2259
Home Total Corners (1st Half),Under 1,1540
Home Total Corners (1st Half),Under 1.5,1541
Home Total Corners (1st Half),Under 2,1536
Home Total Corners (1st Half),Under 2.5,1546
Home Total Corners (1st Half),Under 3,1530
Home Total Corners (1st Half),Under 3.5,1543
Home Total Corners (1st Half),Under 4,1532
Home Total Corners (1st Half),Under 4.5,1533
Home Total Corners (1st Half),Under 5,1531
Home Total Corners (2nd Half),Over 0.5,2260
Home Total Corners (2nd Half),Over 1,1550
Home Total Corners (2nd Half),Over 1.5,1554
Home Total Corners (2nd Half),Over 2,1558
Home Total Corners (2nd Half),Over 2.5,1563
Home Total Corners (2nd Half),Over 3,1548
Home Total Corners (2nd Half),Over 3.5,1559
Home Total Corners (2nd Half),Over 4,1561
Home Total Corners (2nd Half),Over 4.5,1552
Home Total Corners (2nd Half),Under 0.5,2261
Home Total Corners (2nd Half),Under 1,1555
Home Total Corners (2nd Half),Under 1.5,1553
Home Total Corners (2nd Half),Under 2,1551
Home Total Corners (2nd Half),Under 2.5,1560
Home Total Corners (2nd Half),Under 3,1549
Home Total Corners (2nd Half),Under 3.5,1562
Home Total Corners (2nd Half),Under 4,1557
Home Total Corners (2nd Half),Under 4.5,1556
Home Total ShotOnGoal,Over 2.5,1341
Home Total ShotOnGoal,Over 3.5,1345
Home Total ShotOnGoal,Over 4.5,1347
Home Total ShotOnGoal,Over 5.5,1349
Home Total ShotOnGoal,Over 6.5,1343
Home Total ShotOnGoal,Under 2.5,1342
Home Total ShotOnGoal,Under 3.5,1346
Home Total ShotOnGoal,Under 4.5,1348
Home Total ShotOnGoal,Under 5.5,1350
Home Total ShotOnGoal,Under 6.5,1344
Home win both halves,No,809
Home win both halves,Yes,808
Home Win/Over,No,1439
Home Win/Over,Yes,1440
Home Win/Under,No,1442
Home Win/Under,Yes,1441
Home/Away,Away,5
Home/Away,Home,4
HT/FT Double,Away/Away,163
HT/FT Double,Away/Draw,162
HT/FT Double,Away/Home,161
HT/FT Double,Draw/Away,157
HT/FT Double,Draw/Draw,158
HT/FT Double,Draw/Home,160
HT/FT Double,Home/Away,156
HT/FT Double,Home/Draw,155
HT/FT Double,Home/Home,159
Last Corner,Away,1220
Last Corner,Home,1219
Last Team to Score,Away,2432
Last Team to Score,Home,2433
Match Winner,Away,3
Match Winner,Draw,2
Match Winner,Home,1
Odd/Even,Even,535
Odd/Even,Odd,534
Odd/Even - First Half,Even,537
Odd/Even - First Half,Odd,536
Odd/Even - Second Half,Even,924
Odd/Even - Second Half,Odd,923
Offsides 1x2,Away,1761
Offsides 1x2,Draw,1762
Offsides 1x2,Home,1760
Offsides Away Total,Over,1775
Offsides Away Total,Under,1776
Offsides Double Chance,Draw/Away,1778
Offsides Double Chance,Home/Away,1779
Offsides Double Chance,Home/Draw,1777
Offsides Handicap,Away +0,1770
Offsides Handicap,Away +1,2359
Offsides Handicap,Away +1.5,1765
Offsides Handicap,Away +2,2379
Offsides Handicap,Away +2.5,1766
Offsides Handicap,Away +3,2378
Offsides Handicap,Away +3.5,2369
Offsides Handicap,Away +4,2385
Offsides Handicap,Away +4.5,2381
Offsides Handicap,Away +5,2374
Offsides Handicap,Away +5.5,2376
Offsides Handicap,Away +6,2373
Offsides Handicap,Away +6.5,2357
Offsides Handicap,Away +7.5,2354
Offsides Handicap,Away -1,2366
Offsides Handicap,Away -1.5,1768
Offsides Handicap,Away -2,2356
Offsides Handicap,Away -2.5,1771
Offsides Handicap,Away -3,2353
Offsides Handicap,Away -3.5,2352
Offsides Handicap,Away -4,2380
Offsides Handicap,Away -4.5,2364
Offsides Handicap,Away -5.5,2361
Offsides Handicap,Home +0,1763
Offsides Handicap,Home +1,2362
Offsides Handicap,Home +1.5,1764
Offsides Handicap,Home +2,2370
Offsides Handicap,Home +2.5,1767
Offsides Handicap,Home +3,2351
Offsides Handicap,Home +3.5,2368
Offsides Handicap,Home +4,2383
Offsides Handicap,Home +4.5,2358
Offsides Handicap,Home +5,2367
Offsides Handicap,Home +5.5,2365
Offsides Handicap,Home +6,2360
Offsides Handicap,Home +6.5,2371
Offsides Handicap,Home +7.5,2382
Offsides Handicap,Home -1,2375
Offsides Handicap,Home -1.5,1769
Offsides Handicap,Home -2,2355
Offsides Handicap,Home -2.5,1772
Offsides Handicap,Home -3,2377
Offsides Handicap,Home -3.5,2384
Offsides Handicap,Home -4,2363
Offsides Handicap,Home -4.5,2372
Offsides Handicap,Home -5.5,2350
Offsides Home Total,Over,1773
Offsides Home Total,Under,1774
Offsides Total,Over,1758
Offsides Total,Under,1759
Own Goal,No,1155
Own Goal,Yes,1154
Penalty Awarded,No,1757
Penalty Awarded,Yes,1756
RCARD,No,1366
RCARD,Yes,1365
Result/Total Goals,Away/Over 0.5,570
Result/Total Goals,Away/Over 1.5,551
Result/Total Goals,Away/Over 2.5,564
Result/Total Goals,Away/Over 3.5,546
Result/Total Goals,Away/Over 4.5,558
Result/Total Goals,Away/Over 5.5,584
Result/Total Goals,Away/Over 6.5,593
Result/Total Goals,Away/Over 7.5,1911
Result/Total Goals,Away/Under 0.5,588
Result/Total Goals,Away/Under 1.5,555
Result/Total Goals,Away/Under 2.5,567
Result/Total Goals,Away/Under 3.5,549
Result/Total Goals,Away/Under 4.5,561
Result/Total Goals,Away/Under 5.5,573
Result/Total Goals,Away/Under 6.5,576
Result/Total Goals,Away/Under 7.5,577
Result/Total Goals,Away/Under 8.5,581
Result/Total Goals,Away/Under 9.5,594
Result/Total Goals,Draw/Over 0.5,569
Result/Total Goals,Draw/Over 1.5,552
Result/Total Goals,Draw/Over 2.5,563
Result/Total Goals,Draw/Over 3.5,545
Result/Total Goals,Draw/Over 4.5,557
Result/Total Goals,Draw/Over 5.5,583
Result/Total Goals,Draw/Over 6.5,592
Result/Total Goals,Draw/Over 7.5,596
Result/Total Goals,Draw/Under 0.5,571
Result/Total Goals,Draw/Under 1.5,553
Result/Total Goals,Draw/Under 10.5,1910
Result/Total Goals,Draw/Under 2.5,566
Result/Total Goals,Draw/Under 3.5,548
Result/Total Goals,Draw/Under 4.5,560
Result/Total Goals,Draw/Under 5.5,585
Result/Total Goals,Draw/Under 6.5,575
Result/Total Goals,Draw/Under 7.5,579
Result/Total Goals,Draw/Under 8.5,580
Result/Total Goals,Draw/Under 9.5,590
Result/Total Goals,Home/Over 0.5,568
Result/Total Goals,Home/Over 1.5,550
Result/Total Goals,Home/Over 2.5,562
Result/Total Goals,Home/Over 3.5,544
Result/Total Goals,Home/Over 4.5,556
Result/Total Goals,Home/Over 5.5,582
Result/Total Goals,Home/Over 6.5,591
Result/Total Goals,Home/Over 7.5,595
Result/Total Goals,Home/Under 0.5,587
Result/Total Goals,Home/Under 1.5,554
Result/Total Goals,Home/Under 2.5,565
Result/Total Goals,Home/Under 3.5,547
Result/Total Goals,Home/Under 4.5,559
Result/Total Goals,Home/Under 5.5,572
Result/Total Goals,Home/Under 6.5,574
Result/Total Goals,Home/Under 7.5,578
Result/Total Goals,Home/Under 8.5,586
Result/Total Goals,Home/Under 9.5,589
Results/Both Teams Score,Away/No,543
Results/Both Teams Score,Away/Yes,540
Results/Both Teams Score,Draw/No,542
Results/Both Teams Score,Draw/Yes,539
Results/Both Teams Score,Home/No,541
Results/Both Teams Score,Home/Yes,538
RTG_H1,Away/Over 1.5,1224
RTG_H1,Away/Under 1.5,1228
RTG_H1,Draw/Over 1.5,1225
RTG_H1,Draw/Under 1.5,1226
RTG_H1,Home/Over 1.5,1223
RTG_H1,Home/Under 1.5,1227
Scoring Draw,No,1424
Scoring Draw,Yes,1423
Second Half Exact Goals Number,0,916
Second Half Exact Goals Number,1,915
Second Half Exact Goals Number,2,913
Second Half Exact Goals Number,3,914
Second Half Exact Goals Number,4,918
Second Half Exact Goals Number,more 4,917
Second Half Exact Goals Number,more 5,919
Second Half Winner,Away,8
Second Half Winner,Draw,7
Second Half Winner,Home,6
Team To Score First,Away,853
Team To Score First,Draw,852
Team To Score First,Home,851
Team To Score Last,Away,803
Team To Score Last,Draw,802
Team To Score Last,Home,801
To Qualify,Away,1368
To Qualify,Home,1367
To Score in Both Halves,No,2461
To Score in Both Halves,Yes,2460
To Score In Both Halves By Teams,Away,936
To Score In Both Halves By Teams,Home,935
To Win Either Half,Away,907
To Win Either Half,Home,906
Total - Away,Over 0.5,475
Total - Away,Over 1,482
Total - Away,Over 1.5,471
Total - Away,Over 10.5,1882
Total - Away,Over 11.5,1878
Total - Away,Over 12.5,1890
Total - Away,Over 13.5,1888
Total - Away,Over 2,478
Total - Away,Over 2.5,473
Total - Away,Over 3,480
Total - Away,Over 3.5,469
Total - Away,Over 4,491
Total - Away,Over 4.5,477
Total - Away,Over 5,495
Total - Away,Over 5.5,485
Total - Away,Over 6,1889
Total - Away,Over 6.5,487
Total - Away,Over 7,1880
Total - Away,Over 7.5,489
Total - Away,Over 8.5,493
Total - Away,Over 9.5,1886
Total - Away,Under 0.5,476
Total - Away,Under 1,483
Total - Away,Under 1.5,472
Total - Away,Under 10.5,1887
Total - Away,Under 11.5,1879
Total - Away,Under 12.5,1891
Total - Away,Under 13.5,1885
Total - Away,Under 2,479
Total - Away,Under 2.5,474
Total - Away,Under 3,481
Total - Away,Under 3.5,470
Total - Away,Under 4,492
Total - Away,Under 4.5,484
Total - Away,Under 5,496
Total - Away,Under 5.5,486
Total - Away,Under 6,1884
Total - Away,Under 6.5,488
Total - Away,Under 7,1881
Total - Away,Under 7.5,490
Total - Away,Under 8.5,494
Total - Away,Under 9.5,1883
Total - Home,Over 0.5,443
Total - Home,Over 1,453
Total - Home,Over 1.5,439
Total - Home,Over 10.5,1877
Total - Home,Over 2,449
Total - Home,Over 2.5,441
Total - Home,Over 3,451
Total - Home,Over 3.5,437
Total - Home,Over 4,458
Total - Home,Over 4.5,445
Total - Home,Over 5,456
Total - Home,Over 5.5,447
Total - Home,Over 6,465
Total - Home,Over 6.5,455
Total - Home,Over 7.5,461
Total - Home,Over 8.5,463
Total - Home,Over 9.5,467
Total - Home,Under 0.5,444
Total - Home,Under 1,454
Total - Home,Under 1.5,440
Total - Home,Under 10.5,1876
Total - Home,Under 2,450
Total - Home,Under 2.5,442
Total - Home,Under 3,452
Total - Home,Under 3.5,438
Total - Home,Under 4,459
Total - Home,Under 4.5,446
Total - Home,Under 5,457
Total - Home,Under 5.5,448
Total - Home,Under 6,466
Total - Home,Under 6.5,460
Total - Home,Under 7.5,462
Total - Home,Under 8.5,464
Total - Home,Under 9.5,468
Total Corners (1st Half),Over 1.5,2079
Total Corners (1st Half),Over 1.75,2065
Total Corners (1st Half),Over 2,2055
Total Corners (1st Half),Over 2.25,2075
Total Corners (1st Half),Over 2.5,2071
Total Corners (1st Half),Over 2.75,2073
Total Corners (1st Half),Over 3,1315
Total Corners (1st Half),Over 3.25,2067
Total Corners (1st Half),Over 3.5,1311
Total Corners (1st Half),Over 3.75,2052
Total Corners (1st Half),Over 4,1307
Total Corners (1st Half),Over 4.25,2063
Total Corners (1st Half),Over 4.5,1305
Total Corners (1st Half),Over 4.75,2047
Total Corners (1st Half),Over 5,1303
Total Corners (1st Half),Over 5.25,2077
Total Corners (1st Half),Over 5.5,1301
Total Corners (1st Half),Over 5.75,2072
Total Corners (1st Half),Over 6,1313
Total Corners (1st Half),Over 6.25,2066
Total Corners (1st Half),Over 6.5,1309
Total Corners (1st Half),Over 6.75,2044
Total Corners (1st Half),Over 7,2058
Total Corners (1st Half),Over 7.25,2040
Total Corners (1st Half),Over 7.5,2054
Total Corners (1st Half),Over 7.75,2049
Total Corners (1st Half),Over 8,2064
Total Corners (1st Half),Over 8.25,2061
Total Corners (1st Half),Over 8.5,2060
Total Corners (1st Half),Under 1.5,2074
Total Corners (1st Half),Under 1.75,2080
Total Corners (1st Half),Under 2,2070
Total Corners (1st Half),Under 2.25,2076
Total Corners (1st Half),Under 2.5,2068
Total Corners (1st Half),Under 2.75,2046
Total Corners (1st Half),Under 3,1316
Total Corners (1st Half),Under 3.25,2069
Total Corners (1st Half),Under 3.5,1312
Total Corners (1st Half),Under 3.75,2057
Total Corners (1st Half),Under 4,1308
Total Corners (1st Half),Under 4.25,2041
Total Corners (1st Half),Under 4.5,1306
Total Corners (1st Half),Under 4.75,2043
Total Corners (1st Half),Under 5,1304
Total Corners (1st Half),Under 5.25,2050
Total Corners (1st Half),Under 5.5,1302
Total Corners (1st Half),Under 5.75,2051
Total Corners (1st Half),Under 6,1314
Total Corners (1st Half),Under 6.25,2045
Total Corners (1st Half),Under 6.5,1310
Total Corners (1st Half),Under 6.75,2048
Total Corners (1st Half),Under 7,2081
Total Corners (1st Half),Under 7.25,2062
Total Corners (1st Half),Under 7.5,2053
Total Corners (1st Half),Under 7.75,2056
Total Corners (1st Half),Under 8,2042
Total Corners (1st Half),Under 8.25,2059
Total Corners (1st Half),Under 8.5,2078
Total Corners (2nd Half),Over 2.5,2245
Total Corners (2nd Half),Over 2.75,2225
Total Corners (2nd Half),Over 3,2253
Total Corners (2nd Half),Over 3.25,2244
Total Corners (2nd Half),Over 3.5,2224
Total Corners (2nd Half),Over 3.75,2241
Total Corners (2nd Half),Over 4,1505
Total Corners (2nd Half),Over 4.25,2246
Total Corners (2nd Half),Over 4.5,1512
Total Corners (2nd Half),Over 4.75,2221
Total Corners (2nd Half),Over 5,1504
Total Corners (2nd Half),Over 5.25,2240
Total Corners (2nd Half),Over 5.5,1508
Total Corners (2nd Half),Over 5.75,2247
Total Corners (2nd Half),Over 6,1507
Total Corners (2nd Half),Over 6.25,2242
Total Corners (2nd Half),Over 6.5,1509
Total Corners (2nd Half),Over 6.75,2230
Total Corners (2nd Half),Over 7,2229
Total Corners (2nd Half),Over 7.25,2220
Total Corners (2nd Half),Over 7.5,2226
Total Corners (2nd Half),Over 7.75,2233
Total Corners (2nd Half),Over 8,2254
Total Corners (2nd Half),Over 8.25,2248
Total Corners (2nd Half),Over 8.5,2251
Total Corners (2nd Half),Under 2.5,2236
Total Corners (2nd Half),Under 2.75,2238
Total Corners (2nd Half),Under 3,2218
Total Corners (2nd Half),Under 3.25,2237
Total Corners (2nd Half),Under 3.5,2239
Total Corners (2nd Half),Under 3.75,2228
Total Corners (2nd Half),Under 4,1501
Total Corners (2nd Half),Under 4.25,2217
Total Corners (2nd Half),Under 4.5,1502
Total Corners (2nd Half),Under 4.75,2222
Total Corners (2nd Half),Under 5,1511
Total Corners (2nd Half),Under 5.25,2232
Total Corners (2nd Half),Under 5.5,1503
Total Corners (2nd Half),Under 5.75,2231
Total Corners (2nd Half),Under 6,1506
Total Corners (2nd Half),Under 6.25,2243
Total Corners (2nd Half),Under 6.5,1510
Total Corners (2nd Half),Under 6.75,2234
Total Corners (2nd Half),Under 7,2235
Total Corners (2nd Half),Under 7.25,2249
Total Corners (2nd Half),Under 7.5,2223
Total Corners (2nd Half),Under 7.75,2227
Total Corners (2nd Half),Under 8,2219
Total Corners (2nd Half),Under 8.25,2250
Total Corners (2nd Half),Under 8.5,2252
Total Corners (3 way),Exactly 10,1158
Total Corners (3 way),Exactly 11,1161
Total Corners (3 way),Exactly 12,1167
Total Corners (3 way),Exactly 13,1185
Total Corners (3 way),Exactly 14,1188
Total Corners (3 way),Exactly 15,1194
Total Corners (3 way),Exactly 16,1200
Total Corners (3 way),Exactly 17,1191
Total Corners (3 way),Exactly 18,1197
Total Corners (3 way),Exactly 19,1206
Total Corners (3 way),Exactly 2,2120
Total Corners (3 way),Exactly 20,1209
Total Corners (3 way),Exactly 21,1212
Total Corners (3 way),Exactly 3,1203
Total Corners (3 way),Exactly 4,1170
Total Corners (3 way),Exactly 5,1173
Total Corners (3 way),Exactly 6,1176
Total Corners (3 way),Exactly 7,1179
Total Corners (3 way),Exactly 8,1182
Total Corners (3 way),Exactly 9,1164
Total Corners (3 way),Over 10,1156
Total Corners (3 way),Over 11,1159
Total Corners (3 way),Over 12,1165
Total Corners (3 way),Over 13,1183
Total Corners (3 way),Over 14,1186
Total Corners (3 way),Over 15,1192
Total Corners (3 way),Over 16,1198
Total Corners (3 way),Over 17,1189
Total Corners (3 way),Over 18,1195
Total Corners (3 way),Over 19,1204
Total Corners (3 way),Over 2,2121
Total Corners (3 way),Over 20,1207
Total Corners (3 way),Over 21,1210
Total Corners (3 way),Over 3,1201
Total Corners (3 way),Over 4,1168
Total Corners (3 way),Over 5,1171
Total Corners (3 way),Over 6,1174
Total Corners (3 way),Over 7,1177
Total Corners (3 way),Over 8,1180
Total Corners (3 way),Over 9,1162
Total Corners (3 way),Under 10,1157
Total Corners (3 way),Under 11,1160
Total Corners (3 way),Under 12,1166
Total Corners (3 way),Under 13,1184
Total Corners (3 way),Under 14,1187
Total Corners (3 way),Under 15,1193
Total Corners (3 way),Under 16,1199
Total Corners (3 way),Under 17,1190
Total Corners (3 way),Under 18,1196
Total Corners (3 way),Under 19,1205
Total Corners (3 way),Under 2,2119
Total Corners (3 way),Under 20,1208
Total Corners (3 way),Under 21,1211
Total Corners (3 way),Under 3,1202
Total Corners (3 way),Under 4,1169
Total Corners (3 way),Under 5,1172
Total Corners (3 way),Under 6,1175
Total Corners (3 way),Under 7,1178
Total Corners (3 way),Under 8,1181
Total Corners (3 way),Under 9,1163
Total Corners (3 way) (1st Half),Exactly 3,1328
Total Corners (3 way) (1st Half),Exactly 4,1325
Total Corners (3 way) (1st Half),Exactly 5,1319
Total Corners (3 way) (1st Half),Exactly 6,1322
Total Corners (3 way) (1st Half),Over 3,1326
Total Corners (3 way) (1st Half),Over 4,1323
Total Corners (3 way) (1st Half),Over 5,1317
Total Corners (3 way) (1st Half),Over 6,1320
Total Corners (3 way) (1st Half),Under 3,1327
Total Corners (3 way) (1st Half),Under 4,1324
Total Corners (3 way) (1st Half),Under 5,1318
Total Corners (3 way) (1st Half),Under 6,1321
Total Corners (3 way) (2nd Half),Exactly 4,1516
Total Corners (3 way) (2nd Half),Exactly 5,1517
Total Corners (3 way) (2nd Half),Exactly 6,1515
Total Corners (3 way) (2nd Half),Exactly 7,2256
Total Corners (3 way) (2nd Half),Over 4,1513
Total Corners (3 way) (2nd Half),Over 5,1520
Total Corners (3 way) (2nd Half),Over 6,1521
Total Corners (3 way) (2nd Half),Over 7,2255
Total Corners (3 way) (2nd Half),Under 4,1518
Total Corners (3 way) (2nd Half),Under 5,1519
Total Corners (3 way) (2nd Half),Under 6,1514
Total Corners (3 way) (2nd Half),Under 7,2257
Total Goals (3 way),2 Or 3 ,942
Total Goals (3 way),Over 3 ,943
Total Goals (3 way),Under 2 ,941
Total Goals By Ranges (1st Half),0-1 ,2472
Total Goals By Ranges (1st Half),2-3 ,2471
Total Goals By Ranges (1st Half),more 4 ,2470
Total Goals Number By Ranges,0-1 ,2467
Total Goals Number By Ranges,2-3 ,2465
Total Goals Number By Ranges,4-6 ,2466
Total Goals Number By Ranges,more 4 ,2468
Total Goals Number By Ranges,more 7 ,2469
Total Goals/Both Teams To Score,o/no 2.5,938
Total Goals/Both Teams To Score,o/yes 2.5,937
Total Goals/Both Teams To Score,u/no 2.5,940
Total Goals/Both Teams To Score,u/yes 2.5,939
Total ShotOnGoal,Over 10.5,1337
Total ShotOnGoal,Over 11.5,1339
Total ShotOnGoal,Over 12.5,2122
Total ShotOnGoal,Over 6.5,1335
Total ShotOnGoal,Over 7.5,1331
Total ShotOnGoal,Over 8.5,1329
Total ShotOnGoal,Over 9.5,1333
Total ShotOnGoal,Under 10.5,1338
Total ShotOnGoal,Under 11.5,1340
Total ShotOnGoal,Under 12.5,2123
Total ShotOnGoal,Under 6.5,1336
Total ShotOnGoal,Under 7.5,1332
Total ShotOnGoal,Under 8.5,1330
Total ShotOnGoal,Under 9.5,1334
Win Both Halves,Away,436
Win Both Halves,Draw,435
Win Both Halves,Home,434
Win To Nil,Away,912
Win To Nil,Home,911
Win to Nil - Away,No,173
Win to Nil - Away,Yes,172
Win to Nil - Home,No,171
Win to Nil - Home,Yes,170
Winning Margin,1 by 1,926
Winning Margin,1 by 2,928
Winning Margin,1 by 3,930
Winning Margin,1 by 4+,932
Winning Margin,2 by 1,927
Winning Margin,2 by 2,929
Winning Margin,2 by 3,931
Winning Margin,2 by 4+,933
Winning Margin,Draw,925
Winning Margin,Score Draw,934
Yellow Asian Handicap,Away +0,1642
Yellow Asian Handicap,Away +1,1637
Yellow Asian Handicap,Away +1.5,1661
Yellow Asian Handicap,Away +2,1640
Yellow Asian Handicap,Away +2.5,1654
Yellow Asian Handicap,Away +3,1653
Yellow Asian Handicap,Away +3.5,1651
Yellow Asian Handicap,Away +4,2275
Yellow Asian Handicap,Away +4.5,2277
Yellow Asian Handicap,Away -1,1656
Yellow Asian Handicap,Away -1.5,1655
Yellow Asian Handicap,Away -2,1636
Yellow Asian Handicap,Away -2.5,1638
Yellow Asian Handicap,Away -3,1650
Yellow Asian Handicap,Away -3.5,1652
Yellow Asian Handicap,Away -4,2279
Yellow Asian Handicap,Away -4.5,2276
Yellow Asian Handicap,Home +0,1660
Yellow Asian Handicap,Home +1,1646
Yellow Asian Handicap,Home +1.5,1649
Yellow Asian Handicap,Home +2,1659
Yellow Asian Handicap,Home +2.5,1647
Yellow Asian Handicap,Home +3,1658
Yellow Asian Handicap,Home +3.5,1657
Yellow Asian Handicap,Home +4,2278
Yellow Asian Handicap,Home +4.5,2272
Yellow Asian Handicap,Home -1,1645
Yellow Asian Handicap,Home -1.5,1643
Yellow Asian Handicap,Home -2,1648
Yellow Asian Handicap,Home -2.5,1644
Yellow Asian Handicap,Home -3,1639
Yellow Asian Handicap,Home -3.5,1641
Yellow Asian Handicap,Home -4,2273
Yellow Asian Handicap,Home -4.5,2274
Yellow Asian Handicap (1st Half),Away +0,1738
Yellow Asian Handicap (1st Half),Away +1,1739
Yellow Asian Handicap (1st Half),Away +1.5,1736
Yellow Asian Handicap (1st Half),Away +2.5,2343
Yellow Asian Handicap (1st Half),Away -1,1731
Yellow Asian Handicap (1st Half),Away -1.5,1730
Yellow Asian Handicap (1st Half),Away -2.5,2340
Yellow Asian Handicap (1st Half),Home +0,1733
Yellow Asian Handicap (1st Half),Home +1,1734
Yellow Asian Handicap (1st Half),Home +1.5,1735
Yellow Asian Handicap (1st Half),Home +2.5,2341
Yellow Asian Handicap (1st Half),Home -1,1732
Yellow Asian Handicap (1st Half),Home -1.5,1737
Yellow Asian Handicap (1st Half),Home -2.5,2342
Yellow Asian Handicap (2nd Half),Away +0,1744
Yellow Asian Handicap (2nd Half),Away +1,1749
Yellow Asian Handicap (2nd Half),Away +1.5,1740
Yellow Asian Handicap (2nd Half),Away +2,2349
Yellow Asian Handicap (2nd Half),Away +2.5,2345
Yellow Asian Handicap (2nd Half),Away -1,1742
Yellow Asian Handicap (2nd Half),Away -1.5,1746
Yellow Asian Handicap (2nd Half),Away -2.5,2348
Yellow Asian Handicap (2nd Half),Home +0,1747
Yellow Asian Handicap (2nd Half),Home +1,1741
Yellow Asian Handicap (2nd Half),Home +1.5,1748
Yellow Asian Handicap (2nd Half),Home +2,2347
Yellow Asian Handicap (2nd Half),Home +2.5,2346
Yellow Asian Handicap (2nd Half),Home -1,1743
Yellow Asian Handicap (2nd Half),Home -1.5,1745
Yellow Asian Handicap (2nd Half),Home -2.5,2344
Yellow Cards 1x2,Away,1729
Yellow Cards 1x2,Draw,1727
Yellow Cards 1x2,Home,1728
Yellow Cards 1x2 (1st Half),Away,1751
Yellow Cards 1x2 (1st Half),Draw,1750
Yellow Cards 1x2 (1st Half),Home,1752
Yellow Cards 1x2 (2nd Half),Away,1755
Yellow Cards 1x2 (2nd Half),Draw,1754
Yellow Cards 1x2 (2nd Half),Home,1753
Yellow Double Chance,Draw/Away,1694
Yellow Double Chance,Home/Away,1696
Yellow Double Chance,Home/Draw,1695
Yellow Odd/Even,Even,1726
Yellow Odd/Even,Odd,1725
Yellow Over/Under,Over 0.5,1674
Yellow Over/Under,Over 1.0,1668
Yellow Over/Under,Over 1.25,2287
Yellow Over/Under,Over 1.5,1680
Yellow Over/Under,Over 1.75,2303
Yellow Over/Under,Over 10.5,2295
Yellow Over/Under,Over 2.0,1664
Yellow Over/Under,Over 2.25,2298
Yellow Over/Under,Over 2.5,1665
Yellow Over/Under,Over 2.75,2292
Yellow Over/Under,Over 3.0,1685
Yellow Over/Under,Over 3.25,2304
Yellow Over/Under,Over 3.5,1683
Yellow Over/Under,Over 3.75,2290
Yellow Over/Under,Over 4.0,1677
Yellow Over/Under,Over 4.25,2309
Yellow Over/Under,Over 4.5,1663
Yellow Over/Under,Over 4.75,2286
Yellow Over/Under,Over 5.0,1670
Yellow Over/Under,Over 5.25,2299
Yellow Over/Under,Over 5.5,1662
Yellow Over/Under,Over 5.75,2300
Yellow Over/Under,Over 6.0,1690
Yellow Over/Under,Over 6.25,2302
Yellow Over/Under,Over 6.5,1687
Yellow Over/Under,Over 6.75,2311
Yellow Over/Under,Over 7.0,1671
Yellow Over/Under,Over 7.25,2312
Yellow Over/Under,Over 7.5,1682
Yellow Over/Under,Over 8.0,1691
Yellow Over/Under,Over 8.5,2308
Yellow Over/Under,Over 9.0,2307
Yellow Over/Under,Over 9.5,2282
Yellow Over/Under,Under 0.5,1672
Yellow Over/Under,Under 1.0,1667
Yellow Over/Under,Under 1.25,2285
Yellow Over/Under,Under 1.5,1675
Yellow Over/Under,Under 1.75,2291
Yellow Over/Under,Under 10.5,2305
Yellow Over/Under,Under 2.0,1689
Yellow Over/Under,Under 2.25,2297
Yellow Over/Under,Under 2.5,1679
Yellow Over/Under,Under 2.75,2293
Yellow Over/Under,Under 3.0,1693
Yellow Over/Under,Under 3.25,2301
Yellow Over/Under,Under 3.5,1669
Yellow Over/Under,Under 3.75,2283
Yellow Over/Under,Under 4.0,1686
Yellow Over/Under,Under 4.25,2313
Yellow Over/Under,Under 4.5,1678
Yellow Over/Under,Under 4.75,2310
Yellow Over/Under,Under 5.0,1673
Yellow Over/Under,Under 5.25,2288
Yellow Over/Under,Under 5.5,1676
Yellow Over/Under,Under 5.75,2289
Yellow Over/Under,Under 6.0,1688
Yellow Over/Under,Under 6.25,2296
Yellow Over/Under,Under 6.5,1692
Yellow Over/Under,Under 6.75,2280
Yellow Over/Under,Under 7.0,1681
Yellow Over/Under,Under 7.25,2306
Yellow Over/Under,Under 7.5,1684
Yellow Over/Under,Under 8.0,1666
Yellow Over/Under,Under 8.5,2281
Yellow Over/Under,Under 9.0,2294
Yellow Over/Under,Under 9.5,2284
Yellow Over/Under (1st Half),Over 0.5,1705
Yellow Over/Under (1st Half),Over 0.75,2316
Yellow Over/Under (1st Half),Over 1.0,1706
Yellow Over/Under (1st Half),Over 1.25,2315
Yellow Over/Under (1st Half),Over 1.5,1699
Yellow Over/Under (1st Half),Over 1.75,2317
Yellow Over/Under (1st Half),Over 2.0,1702
Yellow Over/Under (1st Half),Over 2.25,2320
Yellow Over/Under (1st Half),Over 2.5,1704
Yellow Over/Under (1st Half),Over 3.0,2323
Yellow Over/Under (1st Half),Under 0.5,1703
Yellow Over/Under (1st Half),Under 0.75,2318
Yellow Over/Under (1st Half),Under 1.0,1697
Yellow Over/Under (1st Half),Under 1.25,2314
Yellow Over/Under (1st Half),Under 1.5,1701
Yellow Over/Under (1st Half),Under 1.75,2321
Yellow Over/Under (1st Half),Under 2.0,1698
Yellow Over/Under (1st Half),Under 2.25,2322
Yellow Over/Under (1st Half),Under 2.5,1700
Yellow Over/Under (1st Half),Under 3.0,2319
Yellow Over/Under (2nd Half),Over 0.5,1710
Yellow Over/Under (2nd Half),Over 1.0,1720
Yellow Over/Under (2nd Half),Over 1.5,1723
Yellow Over/Under (2nd Half),Over 1.75,2337
Yellow Over/Under (2nd Half),Over 2.0,1715
Yellow Over/Under (2nd Half),Over 2.25,2336
Yellow Over/Under (2nd Half),Over 2.5,1717
Yellow Over/Under (2nd Half),Over 2.75,2326
Yellow Over/Under (2nd Half),Over 3.0,1709
Yellow Over/Under (2nd Half),Over 3.25,2324
Yellow Over/Under (2nd Half),Over 3.5,1719
Yellow Over/Under (2nd Half),Over 3.75,2332
Yellow Over/Under (2nd Half),Over 4.0,1724
Yellow Over/Under (2nd Half),Over 4.25,2338
Yellow Over/Under (2nd Half),Over 4.5,1721
Yellow Over/Under (2nd Half),Over 5.0,2325
Yellow Over/Under (2nd Half),Over 5.5,2333
Yellow Over/Under (2nd Half),Under 0.5,1713
Yellow Over/Under (2nd Half),Under 1.0,1711
Yellow Over/Under (2nd Half),Under 1.5,1718
Yellow Over/Under (2nd Half),Under 1.75,2329
Yellow Over/Under (2nd Half),Under 2.0,1716
Yellow Over/Under (2nd Half),Under 2.25,2339
Yellow Over/Under (2nd Half),Under 2.5,1714
Yellow Over/Under (2nd Half),Under 2.75,2328
Yellow Over/Under (2nd Half),Under 3.0,1712
Yellow Over/Under (2nd Half),Under 3.25,2327
Yellow Over/Under (2nd Half),Under 3.5,1708
Yellow Over/Under (2nd Half),Under 3.75,2335
Yellow Over/Under (2nd Half),Under 4.0,1707
Yellow Over/Under (2nd Half),Under 4.25,2331
Yellow Over/Under (2nd Half),Under 4.5,1722
Yellow Over/Under (2nd Half),Under 5.0,2334
Yellow Over/Under (2nd Half),Under 5.5,2330
